feature_name,feature_group,f_score,p_value,adhd_mean,control_mean,mean_difference,abs_mean_difference
parietal_hjorth_mobility_mean,region,23.334343763804082,4.095589074219105e-06,0.4369680700728211,0.3753003640177585,0.06166770605506261,0.06166770605506261
Pz_hjorth_mobility_mean,hjorth,21.74663049023566,8.202254049400136e-06,0.39391576977647036,0.33326330252580594,0.06065246725066442,0.06065246725066442
O1_theta_alpha_ratio_mean,band_ratio,19.520381313367995,2.208402511428015e-05,1.8639826343127988,2.597373215310582,-0.7333905809977832,0.7333905809977832
O1_O2_alpha_rel_mean_diff,asymmetry,18.743094674777748,3.135822262356104e-05,0.017532556057253186,-0.005203094050608664,0.02273565010786185,0.02273565010786185
O1_alpha_rel_mean,frequency_band,18.73761805966994,3.1436074064684705e-05,0.12798500462860568,0.08959328143947189,0.038391723189133795,0.038391723189133795
C3_hjorth_mobility_mean,hjorth,17.978865969642282,4.4378216663958755e-05,0.3712095251988932,0.3226119856675191,0.048597539531374134,0.048597539531374134
parietal_hjorth_complexity_mean,region,17.97273372168246,4.450251359827423e-05,2.4679868921332266,2.844242630684452,-0.3762557385512255,0.3762557385512255
P3_hjorth_mobility_mean,hjorth,17.964714000168588,4.466560525257729e-05,0.40762002460968705,0.3515301453754986,0.056089879234188456,0.056089879234188456
P7_theta_alpha_ratio_mean,band_ratio,17.67212451022223,5.105279814477388e-05,2.0043083025662223,2.8500935458140426,-0.8457852432478203,0.8457852432478203
P7_hjorth_mobility_mean,hjorth,17.41866775210266,5.7337346540222364e-05,0.5006954627527141,0.4092032097441702,0.09149225300854397,0.09149225300854397
P3_delta_rel_mean,frequency_band,17.246938779072636,6.20397796131093e-05,0.4695231593310422,0.5622342194433485,-0.09271106011230629,0.09271106011230629
central_hjorth_mobility_mean,region,16.967716085253798,7.05433887312001e-05,0.37588066349287286,0.3353139152922221,0.04056674820065076,0.04056674820065076
temporal_hjorth_mobility_mean,region,16.89743081944177,7.286573041213491e-05,0.4186195533018489,0.3491976432386096,0.06942191006323933,0.06942191006323933
O1_delta_rel_mean,frequency_band,16.737111111105452,7.845983103164878e-05,0.44318369387902284,0.5368852981198723,-0.09370160424084945,0.09370160424084945
Pz_zero_crossing_rate_mean,time_domain,16.63502277867517,8.224898499985832e-05,0.1276051904145321,0.1101650637871281,0.017440126627404004,0.017440126627404004
P7_zero_crossing_rate_mean,time_domain,16.323065943505526,9.502865615989503e-05,0.1660503248084744,0.13738004833732556,0.028670276471148837,0.028670276471148837
P3_hjorth_complexity_mean,hjorth,16.16174892761988,0.00010241628729674154,2.495722437510787,2.9451247721029707,-0.4494023345921838,0.4494023345921838
P7_delta_rel_mean,frequency_band,15.987127845979849,0.00011107755471316426,0.4620793827206059,0.558459864246677,-0.09638048152607115,0.09638048152607115
P7_hjorth_complexity_mean,hjorth,15.892801006794794,0.0001160642040959947,2.3564863110160856,2.8322545385116755,-0.4757682274955899,0.4757682274955899
temporal_theta_beta_ratio_mean,region,15.674129048833578,0.00012852401903268095,2.1806548319293686,3.204717826533754,-1.0240629946043853,1.0240629946043853
temporal_hjorth_complexity_mean,region,15.56289433764656,0.00013537891854595375,2.718354246108269,3.142091205426922,-0.42373695931865285,0.42373695931865285
Pz_delta_rel_mean,frequency_band,15.519320178972285,0.00013816511409868828,0.4684761894351418,0.5526034274932566,-0.08412723805811484,0.08412723805811484
T7_delta_rel_mean,frequency_band,15.459488054616644,0.0001420867155928294,0.5305601918841215,0.623431398402289,-0.09287120651816749,0.09287120651816749
C3_zero_crossing_rate_mean,time_domain,14.720663006073508,0.00020104531571994168,0.12130505762228233,0.10762279315062752,0.013682264471654812,0.013682264471654812
P3_zero_crossing_rate_mean,time_domain,14.677690047826614,0.00020516295369451117,0.132766142171593,0.11709288010835199,0.015673262063241003,0.015673262063241003
T7_theta_beta_ratio_mean,band_ratio,14.472709493002867,0.00022602480807065937,2.4423912953448155,3.8799325945485044,-1.437541299203689,1.437541299203689
Pz_theta_beta_ratio_mean,band_ratio,14.34008767591998,0.00024066779125036643,2.7765522120856225,4.277045137499251,-1.5004929254136288,1.5004929254136288
P7_std_mean,time_domain,14.283599415709743,0.00024719632494108693,113.53827783422068,164.27052458022985,-50.73224674600917,50.73224674600917
P7_rms_mean,time_domain,14.283599415709743,0.00024719632494108693,113.53827783422068,164.27052458022985,-50.73224674600917,50.73224674600917
C3_delta_rel_mean,frequency_band,14.156894565121396,0.0002625075931610739,0.47547521768695267,0.5598260155754695,-0.08435079788851685,0.08435079788851685
T7_hjorth_mobility_mean,hjorth,14.104212538075634,0.00026915643741874196,0.4007434852666164,0.3258752749653697,0.07486821030124668,0.07486821030124668
parietal_beta_rel_mean,region,14.004096217954407,0.0002822710525685483,0.12178988152135681,0.09413545254677033,0.027654428974586476,0.027654428974586476
O1_alpha_rel_std,frequency_band,13.780885301269032,0.00031391815123283485,0.0484029261677494,0.03898092504603004,0.009422001121719356,0.009422001121719356
Fz_hjorth_mobility_mean,hjorth,13.627914260273148,0.0003376854009075102,0.36428701607136305,0.3243334522262983,0.039953563845064766,0.039953563845064766
Pz_hjorth_complexity_mean,hjorth,13.606028999157429,0.00034123339254369257,2.468822516784678,2.872963221453913,-0.4041407046692349,0.4041407046692349
P7_ptp_mean,time_domain,13.573148978606056,0.0003466357540052039,740.6933692457962,1082.3820007528514,-341.6886315070551,341.6886315070551
O1_hjorth_complexity_mean,hjorth,13.567468734071625,0.00034757788567225863,2.342537199170148,2.7264587953898767,-0.38392159621972866,0.38392159621972866
Pz_beta_rel_mean,frequency_band,13.564048771955154,0.00034814638894079827,0.09149919586844756,0.06833433621005609,0.023164859658391462,0.023164859658391462
P3_kurtosis_mean,time_domain,13.359664135732507,0.00038391047480449287,0.6396712127338857,1.2149896252679295,-0.5753184125340438,0.5753184125340438
occipital_hjorth_complexity_mean,region,13.340711080203675,0.000387412174176692,2.3477578250196514,2.6664694623785814,-0.31871163735893004,0.31871163735893004
T7_zero_crossing_rate_mean,time_domain,12.834608203425606,0.0004940819654747344,0.13447213931335059,0.11136509606395287,0.02310704324939772,0.02310704324939772
T7_hjorth_complexity_mean,hjorth,12.578853240808993,0.0005590114556974293,2.732529858010437,3.203176299468414,-0.4706464414579772,0.4706464414579772
P7_beta_rel_mean,frequency_band,12.39937908051787,0.000609746794565845,0.16426989636598058,0.11747194774876986,0.04679794861721072,0.04679794861721072
P7_alpha_rel_mean,frequency_band,12.351753759723293,0.0006239866335438903,0.10871722073058433,0.08131609392855955,0.027401126802024778,0.027401126802024778
T7_theta_beta_ratio_std,band_ratio,12.201660439808613,0.0006711363518316968,1.5005147761143336,2.551032605578692,-1.0505178294643582,1.0505178294643582
P3_theta_beta_ratio_std,band_ratio,12.135981619554753,0.0006929033980939833,1.1926842271706042,2.0926476632397617,-0.8999634360691575,0.8999634360691575
C3_gamma_rel_mean,frequency_band,12.08265777288339,0.0007111077953166013,0.00927087156676596,0.006808279404972867,0.0024625921617930932,0.0024625921617930932
Fz_delta_rel_mean,frequency_band,11.852844409758072,0.0007953573606806406,0.4917632288584951,0.5601332445555836,-0.06837001569708845,0.06837001569708845
P7_gamma_rel_mean,frequency_band,11.7310381355975,0.0008440992732419654,0.03311157130683606,0.021947248005015116,0.011164323301820947,0.011164323301820947
P3_theta_alpha_ratio_std,band_ratio,11.70581578318643,0.0008545696065451543,1.071250003353245,1.5399670728134218,-0.46871706946017677,0.46871706946017677
Cz_hjorth_mobility_mean,hjorth,11.603002675559829,0.0008986478319187704,0.38064585188236133,0.34379307918917373,0.036852772693187597,0.036852772693187597
parietal_theta_beta_ratio_mean,region,11.590151515046507,0.0009043191751446271,2.2455901876795603,3.125945571191744,-0.8803553835121836,0.8803553835121836
F3_delta_rel_mean,frequency_band,11.537519740513577,0.0009279321914718953,0.5111855365096333,0.5781032971081678,-0.06691776059853449,0.06691776059853449
F3_hjorth_mobility_mean,hjorth,11.495740270505314,0.0009471265112676985,0.3686171193021292,0.32810827362425016,0.040508845677879046,0.040508845677879046
C3_hjorth_complexity_mean,hjorth,11.443046019896562,0.0009719180197625245,2.518631727763066,2.8858148398987438,-0.3671831121356779,0.3671831121356779
occipital_alpha_rel_mean,region,11.399744664113214,0.0009927886524035922,0.11921872659997908,0.0921948284647762,0.02702389813520288,0.02702389813520288
P7_theta_beta_ratio_mean,band_ratio,11.146480756459672,0.0011244274477534206,1.482024946694457,2.4465103173786344,-0.9644853706841774,0.9644853706841774
P7_mean_std,time_domain,11.070185297959057,0.0011675009957971998,2.13108425548829e-15,3.1232661060008514e-15,-9.921818505125615e-16,9.921818505125615e-16
P3_skew_std,time_domain,11.064099672613468,0.0011710088947037805,0.3973847869359304,0.5275016077430765,-0.13011682080714615,0.13011682080714615
central_hjorth_complexity_mean,region,11.048815033326793,0.0011798671561268502,2.542906332428223,2.843324162175562,-0.30041782974733877,0.30041782974733877
Fz_hjorth_complexity_mean,hjorth,10.850351695422612,0.0013013436819112453,2.5629206172308843,2.875169268229804,-0.3122486509989195,0.3122486509989195
T7_theta_alpha_ratio_mean,band_ratio,10.72901334564333,0.0013818759511260688,2.277941461962175,3.056830191057176,-0.7788887290950011,0.7788887290950011
T8_hjorth_mobility_mean,hjorth,10.66221568858242,0.0014283786169728481,0.4364956213370815,0.37252001151184955,0.06397560982523193,0.06397560982523193
P7_theta_abs_mean,frequency_band,10.463116594969138,0.0015767663359397294,2234.0537746616,4603.562864582334,-2369.5090899207344,2369.5090899207344
T8_zero_crossing_rate_mean,time_domain,10.233173321740349,0.0017680383461596543,0.14863615951392367,0.12789018712578867,0.020745972388134998,0.020745972388134998
Pz_skew_mean,time_domain,10.149595697623432,0.001843340959156197,0.05115161168286082,-0.01613110632316097,0.06728271800602179,0.06728271800602179
F3_skew_mean,time_domain,10.0906163912081,0.0018984607083117958,0.09230420952917537,0.004199439241376419,0.08810477028779895,0.08810477028779895
P7_theta_alpha_ratio_std,band_ratio,10.07671712245842,0.001911695631699822,1.1266012569021262,1.6798248689179762,-0.55322361201585,0.55322361201585
Pz_ptp_mean,time_domain,10.039348853281886,0.0019477506933775015,868.8742910883427,1119.2462342270478,-250.3719431387051,250.3719431387051
Pz_std_mean,time_domain,10.007648074628142,0.0019788859037773742,141.84938668306177,179.54683232040128,-37.69744563733951,37.69744563733951
Pz_rms_mean,time_domain,10.007648074628142,0.0019788859037773742,141.84938668306177,179.54683232040128,-37.69744563733951,37.69744563733951
temporal_beta_rel_mean,region,9.998527708050036,0.001987938115111752,0.1178478597796646,0.08488026767023855,0.03296759210942604,0.03296759210942604
T8_delta_rel_mean,frequency_band,9.982679510563974,0.0020037693987730713,0.5373292559519937,0.6068707815380029,-0.06954152558600923,0.06954152558600923
parietal_std_mean,region,9.916938602393824,0.0020708385736120955,134.80703919267896,166.89342801555193,-32.086388822872976,32.086388822872976
F4_line_length_mean,time_domain,9.83651166754988,0.0021560451498560803,22582.05352332047,19831.765429579144,2750.2880937413247,2750.2880937413247
F4_zero_crossing_rate_mean,time_domain,9.77744878838967,0.0022209109583888635,0.12679191946799784,0.11440572919917029,0.012386190268827549,0.012386190268827549
O1_theta_beta_ratio_mean,band_ratio,9.732303179195375,0.00227184511513296,1.894381515033062,2.814447217783907,-0.9200657027508448,0.9200657027508448
P7_theta_beta_ratio_std,band_ratio,9.720913319317473,0.002284884410142876,0.8916048064199597,1.633879461343936,-0.7422746549239764,0.7422746549239764
C3_beta_rel_mean,frequency_band,9.71629505777973,0.0022901934105635405,0.07978441879726039,0.06250563028206715,0.01727878851519324,0.01727878851519324
P3_theta_alpha_ratio_mean,band_ratio,9.614852703299105,0.0024100690225995008,1.9915317697038284,2.582717891223719,-0.5911861215198906,0.5911861215198906
P7_hjorth_activity_mean,hjorth,9.549271111319328,0.0024909909759131942,18454.990688417107,45405.35564737103,-26950.36495895392,26950.36495895392
O1_kurtosis_mean,time_domain,9.54197089914479,0.002500170323875207,0.7238447331691975,1.2479788353999688,-0.5241341022307713,0.5241341022307713
T8_hjorth_complexity_mean,hjorth,9.467710266334624,0.0025955509611891277,2.704178634206101,3.08100611138543,-0.37682747717932896,0.37682747717932896
O1_ptp_mean,time_domain,9.372624596263094,0.0027231810392121026,930.6270261549133,1218.788365280359,-288.1613391254456,288.1613391254456
F3_hjorth_complexity_mean,hjorth,9.3618995125213,0.0027379773560867356,2.6228295993954798,2.93310428883502,-0.3102746894395403,0.3102746894395403
Cz_zero_crossing_rate_mean,time_domain,9.356020420547184,0.0027461232854340996,0.12388252856081802,0.11329519939407354,0.010587329166744486,0.010587329166744486
P3_beta_rel_mean,frequency_band,9.347615408638541,0.0027578124802287566,0.09693184926253656,0.0773503399306588,0.01958150933187776,0.01958150933187776
P3_skew_mean,time_domain,9.288777504434792,0.0028410903174362367,0.03913114051423812,-0.03030485319289744,0.06943599370713556,0.06943599370713556
O1_std_mean,time_domain,9.264915722018069,0.0028755986881421596,146.88400324191775,187.7894355209044,-40.90543227898664,40.90543227898664
O1_rms_mean,time_domain,9.264915722018069,0.0028755986881421596,146.88400324191775,187.7894355209044,-40.90543227898664,40.90543227898664
T7_gamma_rel_mean,frequency_band,9.192042705606147,0.0029836859881068093,0.017383335857860754,0.010382351019139095,0.00700098483872166,0.00700098483872166
F3_zero_crossing_rate_mean,time_domain,9.178270097200704,0.003004580152694486,0.12255982788745827,0.11067164934549875,0.011888178541959518,0.011888178541959518
frontal_hjorth_mobility_mean,region,9.158331705737458,0.0030350960032834253,0.3745639166526579,0.3400637452964438,0.03450017135621414,0.03450017135621414
T7_beta_rel_mean,frequency_band,9.123734417036077,0.0030888081709482596,0.10885452150011107,0.07392741819948657,0.0349271033006245,0.0349271033006245
O1_mean_std,time_domain,9.1126096225376,0.0031062869102433336,2.6387619751598358e-15,3.4548688631924813e-15,-8.161068880326455e-16,8.161068880326455e-16
C4_hjorth_mobility_mean,hjorth,9.10734331883107,0.0031145966171682296,0.37578661339736413,0.33953668101997336,0.03624993237739077,0.03624993237739077
F4_hjorth_mobility_mean,hjorth,9.107237490996113,0.0031147638378399025,0.38159807393605233,0.3427513095058213,0.03884676443023105,0.03884676443023105
P3_alpha_rel_mean,frequency_band,9.09050032101576,0.0031413274687183087,0.14078717427268345,0.10590131558609768,0.034885858686585766,0.034885858686585766
O1_theta_beta_ratio_std,band_ratio,9.08702799472865,0.003146867617427845,0.9695782407436964,1.5615632478677866,-0.5919850071240902,0.5919850071240902
P7_delta_abs_mean,frequency_band,9.047272238494863,0.003211021566972961,11567.443256339666,32875.92522847318,-21308.48197213351,21308.48197213351
O1_hjorth_mobility_mean,hjorth,9.038799244094648,0.003224867996865433,0.47729429952208313,0.4041589933512914,0.07313530617079173,0.07313530617079173
occipital_theta_beta_ratio_mean,region,8.802376543458651,0.0036371267931006993,1.7195887918717936,2.3793563204832213,-0.6597675286114277,0.6597675286114277
C4_skew_mean,time_domain,8.761644732004473,0.003713471283898523,0.025033022969981084,-0.06844268525388489,0.09347570822386597,0.09347570822386597
Fz_theta_alpha_ratio_std,band_ratio,8.756250423343756,0.003723705293513086,1.4060804644470053,1.8530151766296785,-0.4469347121826732,0.4469347121826732
Pz_kurtosis_mean,time_domain,8.753238451772827,0.003729432229171336,0.5878670771198041,1.0293129033859658,-0.4414458262661617,0.4414458262661617
P8_zero_crossing_rate_mean,time_domain,8.666608798671058,0.0038981012058452724,0.16624361402009669,0.14400032982650443,0.022243284193592255,0.022243284193592255
F8_gamma_rel_std,frequency_band,8.597471433105571,0.004038354742441829,0.0075794173826114536,0.005885108589170177,0.0016943087934412765,0.0016943087934412765
frontal_hjorth_complexity_mean,region,8.57009994878895,0.0040953120109034425,2.7554092477156193,2.996136525324042,-0.2407272776084226,0.2407272776084226
occipital_hjorth_mobility_mean,region,8.499887973437538,0.004245242138872011,0.4788912404793021,0.4207388750782022,0.058152365401099915,0.058152365401099915
occipital_std_mean,region,8.429760602365167,0.0044006592351328805,147.2043462028555,178.59753186836664,-31.39318566551114,31.39318566551114
P7_psd_2hz_mean,psd_bin,8.42614175930692,0.004408837142019959,4055.2769327416336,12144.528067963167,-8089.251135221533,8089.251135221533
Pz_theta_alpha_ratio_std,band_ratio,8.30417353255061,0.004693850720937969,1.0507117911465653,1.4569413616895506,-0.40622957054298525,0.40622957054298525
P7_psd_6hz_mean,psd_bin,8.258028195126794,0.004806589963216873,540.9601838020479,1075.7646400875033,-534.8044562854553,534.8044562854553
P7_alpha_rel_std,frequency_band,8.256480083071217,0.004810420389150131,0.04619921576189211,0.03729773764512504,0.008901478116767066,0.008901478116767066
T7_alpha_rel_mean,frequency_band,8.18893949310047,0.004980643516126899,0.10783050708881044,0.08179709739169111,0.026033409697119328,0.026033409697119328
Pz_hjorth_activity_mean,hjorth,8.116195383115128,0.005170964329104528,24749.14498780801,46963.68900849878,-22214.544020690773,22214.544020690773
C4_zero_crossing_rate_mean,time_domain,8.10499277020378,0.005200935529452741,0.1229017781467732,0.11226931440122861,0.01063246374554458,0.01063246374554458
central_beta_rel_mean,region,8.081912687492474,0.0052632513016140385,0.08113634231947595,0.06651738949512667,0.014618952824349274,0.014618952824349274
Cz_skew_mean,time_domain,8.073102770723603,0.005287241154339121,0.02771840486531442,-0.043058557172072784,0.0707769620373872,0.0707769620373872
Fz_zero_crossing_rate_mean,time_domain,8.068656099552687,0.0052993925995015135,0.11910618790651573,0.1091782339995204,0.00992795390699533,0.00992795390699533
Pz_delta_abs_mean,frequency_band,8.057694726518363,0.005329470370971301,13702.997554242858,31811.255572659367,-18108.25801841651,18108.25801841651
Pz_theta_alpha_ratio_mean,band_ratio,8.04971987763229,0.005351464144489051,1.9858945738427511,2.5415386639482946,-0.5556440901055435,0.5556440901055435
F7_theta_beta_ratio_std,band_ratio,8.024675495407541,0.005421146438933419,1.5459724651669213,2.2188556463290943,-0.6728831811621729,0.6728831811621729
Pz_skew_std,time_domain,7.9749930923044,0.005562173194335896,0.38132270935784734,0.4866316745965997,-0.10530896523875233,0.10530896523875233
P8_hjorth_mobility_mean,hjorth,7.911893037547188,0.005746779198052487,0.5008291254058153,0.43474061431938155,0.06608851108643371,0.06608851108643371
O1_zero_crossing_rate_mean,time_domain,7.870246958515301,0.00587208389993351,0.155050059324117,0.13323439327883785,0.021815666045279153,0.021815666045279153
P3_gamma_rel_mean,frequency_band,7.862802855245057,0.005894778052402293,0.015588967659873238,0.01188843973692411,0.003700527922949129,0.003700527922949129
P7_psd_4hz_mean,psd_bin,7.849155444467912,0.005936619816017955,1219.4535939874838,2687.3704157043057,-1467.916821716822,1467.916821716822
F4_gamma_rel_mean,frequency_band,7.813453163877614,0.006047540793828301,0.010506605235070184,0.008089536397469664,0.00241706883760052,0.00241706883760052
P3_hjorth_complexity_std,hjorth,7.721669588809171,0.006342658827171299,0.3980029897088782,0.5484117102224108,-0.15040872051353255,0.15040872051353255
F7_zero_crossing_rate_mean,time_domain,7.66780525547257,0.006522761884434973,0.1302379051649671,0.1161252904899443,0.014112614675022811,0.014112614675022811
T7_gamma_rel_std,frequency_band,7.651491971634146,0.006578346815718509,0.009027592224416191,0.006047030437167793,0.002980561787248398,0.002980561787248398
Pz_theta_beta_ratio_std,band_ratio,7.612699288241961,0.006712507081536452,1.4208116159946014,2.3173552951210485,-0.8965436791264472,0.8965436791264472
Cz_hjorth_complexity_mean,hjorth,7.530502184060522,0.007006230700455663,2.5359928013347224,2.793596340999685,-0.2576035396649625,0.2576035396649625
F7_delta_rel_std,frequency_band,7.5281202281100565,0.007014938388832471,0.13943725335646845,0.1250017788560982,0.014435474500370249,0.014435474500370249
P3_theta_beta_ratio_mean,band_ratio,7.492399245495055,0.0071468774828774674,2.562890047586575,3.49253339113203,-0.9296433435454552,0.9296433435454552
F8_zero_crossing_rate_mean,time_domain,7.477051919236886,0.007204352153636024,0.12936389296901024,0.11740299475499191,0.011960898214018328,0.011960898214018328
F3_theta_alpha_ratio_std,band_ratio,7.476777148254891,0.007205385508055476,1.3560658791944988,1.7515526203327771,-0.3954867411382783,0.3954867411382783
O1_theta_alpha_ratio_std,band_ratio,7.4420787012558005,0.007337122137999675,1.0454356198704946,1.4608639456941968,-0.41542832582370215,0.41542832582370215
P3_std_std,time_domain,7.408587953587282,0.007466643684985763,45.1337280448384,74.0457092723366,-28.911981227498195,28.911981227498195
P3_rms_std,time_domain,7.408587953587282,0.007466643684985763,45.1337280448384,74.0457092723366,-28.911981227498195,28.911981227498195
Pz_psd_2hz_mean,psd_bin,7.385582367300072,0.007556987366543804,5027.124791357095,11644.916709338966,-6617.791917981871,6617.791917981871
P3_ptp_mean,time_domain,7.354990169611244,0.007678883778809603,917.3672756588248,1157.2386731112176,-239.87139745239278,239.87139745239278
P3_P4_alpha_rel_mean_diff,asymmetry,7.308891558579183,0.007866433095128177,0.014555124331847379,-0.007038313972698273,0.021593438304545652,0.021593438304545652
F3_theta_rel_mean,frequency_band,7.216997543851765,0.008254618048542507,0.21016635597195293,0.18400752101572646,0.02615883495622648,0.02615883495622648
P3_hjorth_activity_mean,hjorth,7.183800884620422,0.008399693500872519,27671.492518164978,51936.44928424891,-24264.956766083935,24264.956766083935
O2_delta_rel_mean,frequency_band,7.059165386299216,0.008968435583140838,0.46240250215535145,0.5183594102617816,-0.055956908106430114,0.055956908106430114
F7_hjorth_mobility_mean,hjorth,7.0551122318354915,0.008987589057576675,0.37726594958026655,0.337223481425852,0.040042468154414534,0.040042468154414534
Cz_delta_rel_std,frequency_band,7.049805350143105,0.009012731379019891,0.12328916667360794,0.13574399870195933,-0.01245483202835139,0.01245483202835139
T7_ptp_mean,time_domain,7.042811887728681,0.009045975831078171,906.1539317912805,1154.7903179160705,-248.63638612479008,248.63638612479008
Fz_theta_rel_mean,frequency_band,7.03539182253895,0.009081387532927787,0.22721318350349423,0.1997193445995999,0.02749383890389434,0.02749383890389434
P8_hjorth_complexity_mean,hjorth,7.010590808478483,0.009200797396610134,2.4501157050654094,2.7721803967245844,-0.32206469165917495,0.32206469165917495
T7_std_mean,time_domain,6.9929987073748965,0.00928648663558147,138.7996578876704,174.850342236623,-36.050684348952586,36.050684348952586
T7_rms_mean,time_domain,6.9929987073748965,0.00928648663558147,138.7996578876704,174.850342236623,-36.050684348952586,36.050684348952586
Fp1_Fp2_alpha_rel_mean_diff,asymmetry,6.886777348639879,0.00982181115504654,0.005284282288323591,-0.004486217242241957,0.009770499530565548,0.009770499530565548
F3_gamma_rel_mean,frequency_band,6.8826004728938,0.009843505683362147,0.008745050598115391,0.0069189822150183275,0.0018260683830970638,0.0018260683830970638
F7_mean_std,time_domain,6.82273888208474,0.01015995802200054,2.791031653634673e-15,3.550030015953067e-15,-7.589983623183938e-16,7.589983623183938e-16
P4_hjorth_mobility_mean,hjorth,6.81540041898871,0.010199473757064433,0.3817799678194188,0.3477645481239362,0.03401541969548261,0.03401541969548261
O1_skew_std,time_domain,6.809181618617763,0.010233085525866319,0.3989340664589834,0.5030065518384732,-0.10407248537948982,0.10407248537948982
P3_delta_abs_mean,frequency_band,6.77939624526696,0.01039567635523495,15966.339548400734,34741.52192404086,-18775.182375640128,18775.182375640128
F7_gamma_rel_mean,frequency_band,6.750447241453873,0.01055627835332606,0.01462254777679177,0.010595065007853099,0.00402748276893867,0.00402748276893867
O1_delta_abs_mean,frequency_band,6.739217322234889,0.010619272239533373,16710.063291370792,35535.32324308681,-18825.259951716016,18825.259951716016
O2_hjorth_complexity_mean,hjorth,6.689591960842579,0.01090236382082232,2.352978450869155,2.6064801293672857,-0.25350167849813054,0.25350167849813054
P8_delta_rel_mean,frequency_band,6.662221479735505,0.011061850855307155,0.4984338075681405,0.557187052961425,-0.058753245393284526,0.058753245393284526
Pz_std_std,time_domain,6.610062601580025,0.011372539990213997,40.292355778981175,64.11642327018,-23.824067491198818,23.824067491198818
Pz_rms_std,time_domain,6.610062601580025,0.011372539990213997,40.29235577898118,64.11642327018,-23.82406749119881,23.82406749119881
Cz_delta_rel_mean,frequency_band,6.608528155884134,0.01138181645648308,0.47533415766976045,0.52820420335739,-0.0528700456876296,0.0528700456876296
T7_mean_std,time_domain,6.5792271454772715,0.011560475240094037,2.5945174804623654e-15,3.3580338101674463e-15,-7.635163297050809e-16,7.635163297050809e-16
O1_hjorth_activity_mean,hjorth,6.561556682160197,0.011669627947770144,29528.50035677803,53479.429082408715,-23950.928725630685,23950.928725630685
P3_theta_rel_mean,frequency_band,6.518795764514468,0.011938233084344076,0.2008323088560215,0.17561810841908618,0.025214200436935313,0.025214200436935313
Pz_mean_std,time_domain,6.505033994849284,0.012026042095075698,2.6451006535776446e-15,3.3350712065612363e-15,-6.899705529835918e-16,6.899705529835918e-16
C3_theta_rel_mean,frequency_band,6.500265149737682,0.012056627193025353,0.21157552679552938,0.18404452051670372,0.027531006278825654,0.027531006278825654
P4_mean_std,time_domain,6.4830667241619935,0.012167604616309953,2.5632991971227133e-15,3.2739383332795934e-15,-7.106391361568801e-16,7.106391361568801e-16
T7_psd_2hz_mean,psd_bin,6.48175492629089,0.01217611291631538,7064.751316453024,14194.951591134386,-7130.200274681362,7130.200274681362
F3_mean_std,time_domain,6.473041638356376,0.012232784751161001,2.5862383136741184e-15,3.2270780571143207e-15,-6.408397434402023e-16,6.408397434402023e-16
C4_delta_rel_mean,frequency_band,6.460558921541244,0.012314452640867349,0.49579659701426,0.5519096168854725,-0.05611301987121248,0.05611301987121248
F7_alpha_rel_std,frequency_band,6.456209220829027,0.012343043786856219,0.04041224802744474,0.0334851944010214,0.006927053626423339,0.006927053626423339
T8_beta_rel_mean,frequency_band,6.44765547076364,0.012399470681484571,0.12684119805921812,0.0958331171409905,0.031008080918227612,0.031008080918227612
P3_std_mean,time_domain,6.421157667178754,0.012575982733470674,148.5546900345229,181.7317727671318,-33.17708273260888,33.17708273260888
P3_rms_mean,time_domain,6.421157667178754,0.012575982733470674,148.5546900345229,181.7317727671318,-33.17708273260888,33.17708273260888
parietal_alpha_rel_mean,region,6.411460986056179,0.012641228961460188,0.12201285846441073,0.09936214078653395,0.022650717677876783,0.022650717677876783
P3_ptp_std,time_domain,6.393794811464262,0.012761008421635921,374.4823168430641,567.8410554503516,-193.35873860728753,193.35873860728753
P3_psd_2hz_mean,psd_bin,6.358515310237835,0.013003763823247784,5814.135263928657,12878.560695445149,-7064.425431516492,7064.425431516492
O1_psd_2hz_mean,psd_bin,6.3376459229321265,0.013149626823169466,6007.103697063519,12917.236492596328,-6910.13279553281,6910.13279553281
F7_psd_2hz_mean,psd_bin,6.304667040273125,0.013383616044589822,8106.496774387365,15601.093189902329,-7494.596415514964,7494.596415514964
F7_theta_beta_ratio_mean,band_ratio,6.292225482108695,0.013473015159087949,2.5113551230243534,3.173939862623498,-0.6625847395991444,0.6625847395991444
F7_theta_alpha_ratio_std,band_ratio,6.289036134510816,0.013496032462576468,1.5401319523954082,1.9510234450761432,-0.410891492680735,0.410891492680735
Fz_beta_rel_mean,frequency_band,6.258610432167105,0.01371768638990525,0.08674048994543485,0.0702501440899084,0.016490345855526445,0.016490345855526445
C4_hjorth_complexity_mean,hjorth,6.251448032954512,0.013770415346157479,2.57409446818688,2.8505613056282546,-0.27646683744137457,0.27646683744137457
F8_gamma_rel_mean,frequency_band,6.2502199885859735,0.013779477321510082,0.013119259146759444,0.010498048631774682,0.002621210514984762,0.002621210514984762
F8_hjorth_mobility_mean,hjorth,6.230123452664567,0.013928661048222393,0.3738834744888618,0.33922212010797215,0.03466135438088963,0.03466135438088963
occipital_beta_rel_mean,region,6.174284637937404,0.014352088219459722,0.14841061403595296,0.12001596595347207,0.02839464808248089,0.02839464808248089
P4_theta_beta_ratio_std,band_ratio,6.16248753553796,0.014443252904305199,1.1962375825201985,1.6649029213792603,-0.4686653388590618,0.4686653388590618
T7_theta_alpha_ratio_std,band_ratio,6.150863995966759,0.014533667859858958,1.3935800396244182,1.930147569633969,-0.5365675300095507,0.5365675300095507
C3_skew_mean,time_domain,6.134565419140177,0.014661444708023183,0.02568589522418525,-0.029501483857774295,0.055187379081959545,0.055187379081959545
P7_psd_2hz_std,psd_bin,6.130327022178953,0.014694864532024295,7610.447125088385,16434.591473905923,-8824.144348817537,8824.144348817537
T7_hjorth_activity_mean,hjorth,6.125850907539907,0.014730245153675093,28566.018924163887,49625.90795715874,-21059.889032994855,21059.889032994855
P4_zero_crossing_rate_mean,time_domain,6.12036380862005,0.01477373833069938,0.12482202558877532,0.11472002907182335,0.01010199651695197,0.01010199651695197
temporal_alpha_rel_mean,region,6.1130933097737215,0.014831574228432638,0.10257728083550235,0.08193414282503175,0.020643138010470602,0.020643138010470602
F8_skew_mean,time_domain,6.102623543943886,0.014915275705966062,0.10612315086559936,0.006045385758873942,0.10007776510672542,0.10007776510672542
F7_hjorth_activity_mean,hjorth,6.084769490243663,0.015059151640003356,32359.323080134473,55213.62833732073,-22854.30525718626,22854.30525718626
O1_theta_abs_mean,frequency_band,6.083047395923686,0.015073105501704522,4016.673194993312,6323.3060542906405,-2306.6328592973287,2306.6328592973287
C3_theta_beta_ratio_mean,band_ratio,6.070705703991785,0.015173504445906755,3.368624760038242,4.342695147729348,-0.9740703876911057,0.9740703876911057
P4_theta_beta_ratio_mean,band_ratio,6.06545512220588,0.01521642924341407,2.6364246296488734,3.355635507497333,-0.7192108778484596,0.7192108778484596
P8_beta_rel_mean,frequency_band,6.000369722845908,0.015759179725419622,0.16516759626517363,0.12909020230084461,0.03607739396432902,0.03607739396432902
T8_theta_beta_ratio_mean,band_ratio,5.996048158930168,0.015795926415321165,1.918918368513923,2.5295030585190044,-0.6105846900050813,0.6105846900050813
Fz_hjorth_complexity_std,hjorth,5.995602404759468,0.0157997218000883,0.41807111189337215,0.5317178142342003,-0.11364670234082813,0.11364670234082813
F7_delta_rel_mean,frequency_band,5.973070561642816,0.015992817159592578,0.5773762893166201,0.6251481445959342,-0.047771855279314046,0.047771855279314046
F4_theta_beta_ratio_mean,band_ratio,5.96621108528183,0.016052090749184705,2.582515733864624,3.2118458826333702,-0.6293301487687462,0.6293301487687462
T7_delta_abs_mean,frequency_band,5.8737802421288245,0.01687358793263145,20449.969908618325,37663.80650143307,-17213.836592814747,17213.836592814747
P8_gamma_rel_mean,frequency_band,5.852605565442522,0.01706790083968473,0.03773002348838578,0.028089324767360657,0.009640698721025121,0.009640698721025121
P4_hjorth_complexity_mean,hjorth,5.839517800655761,0.017189172520514256,2.5687874902891745,2.798690224629115,-0.22990273433994046,0.22990273433994046
Fz_theta_beta_ratio_std,band_ratio,5.739473995558864,0.018146509959644407,1.7500390616111259,2.2671113038556205,-0.5170722422444947,0.5170722422444947
F3_psd_2hz_mean,psd_bin,5.738934795355969,0.01815181833220528,6240.288438911371,12484.197085713495,-6243.908646802124,6243.908646802124
F4_hjorth_complexity_mean,hjorth,5.7347809431655214,0.018192767160593155,2.627159393535916,2.8537794938654937,-0.22662010032957758,0.22662010032957758
Fz_theta_beta_ratio_mean,band_ratio,5.732419055818998,0.018216093870045972,3.386695688403887,4.069969938493736,-0.6832742500898488,0.6832742500898488
F7_delta_abs_mean,frequency_band,5.72755705036997,0.018264211171315364,22604.622765347714,40906.188056470724,-18301.56529112301,18301.56529112301
P3_hjorth_activity_std,hjorth,5.699456796004741,0.018544928770912707,28395.575071506937,62684.56724659984,-34288.992175092906,34288.992175092906
T8_beta_rel_std,frequency_band,5.690728270471314,0.018633042713463614,0.05870670218221681,0.04794553410699376,0.010761168075223052,0.010761168075223052
P4_delta_rel_mean,frequency_band,5.6739970737007,0.018803171673376196,0.5056286480670932,0.5520856131401216,-0.04645696507302843,0.04645696507302843
Pz_delta_abs_std,frequency_band,5.615667590002795,0.019409129674970393,19324.40566485093,41489.88989699514,-22165.484232144212,22165.484232144212
F3_alpha_rel_mean,frequency_band,5.605642478824855,0.019515320667797105,0.1036486488806178,0.08694167691007072,0.016706971970547074,0.016706971970547074
F7_theta_alpha_ratio_mean,band_ratio,5.578695639328727,0.019803785458692533,2.714630620568151,3.14945345177435,-0.434822831206199,0.434822831206199
temporal_std_mean,region,5.567898903869516,0.01992061559398864,142.68659772842318,168.9810166678165,-26.294418939393324,26.294418939393324
P7_gamma_rel_std,frequency_band,5.561432582824529,0.019990932757336665,0.014617113686227628,0.011118274304608147,0.003498839381619481,0.003498839381619481
C3_theta_beta_ratio_std,band_ratio,5.561139954589653,0.01999412105545394,1.6979685985387427,2.392844619905295,-0.6948760213665521,0.6948760213665521
Cz_kurtosis_mean,time_domain,5.51926930786126,0.02045586229487302,0.6342580039502403,1.0955086739456192,-0.4612506699953789,0.4612506699953789
C4_gamma_rel_mean,frequency_band,5.478534191217837,0.02091582816183924,0.009932557729001345,0.007924653681302718,0.0020079040476986276,0.0020079040476986276
Pz_psd_2hz_std,psd_bin,5.470276212420317,0.021010390351544613,7399.380414736305,14640.743863537802,-7241.363448801497,7241.363448801497
Pz_alpha_rel_mean,frequency_band,5.456863644518677,0.021164935361314408,0.14173386562416396,0.11446191803010052,0.027271947594063442,0.027271947594063442
Cz_skew_std,time_domain,5.4324842590573255,0.021448908399216707,0.39656936119248304,0.5000689730733938,-0.10349961188091078,0.10349961188091078
F7_std_mean,time_domain,5.411068442708133,0.021701662539765715,154.38789026878348,185.52147287276367,-31.133582603980187,31.133582603980187
F7_rms_mean,time_domain,5.411068442708133,0.021701662539765715,154.38789026878348,185.52147287276367,-31.133582603980187,31.133582603980187
central_theta_beta_ratio_mean,region,5.392973357218088,0.021917662583573933,3.2747517368279064,3.9909270873249643,-0.7161753504970578,0.7161753504970578
F3_delta_abs_mean,frequency_band,5.383272904206616,0.022034385019803964,17755.650222087406,33062.15861733209,-15306.508395244684,15306.508395244684
Cz_beta_rel_mean,frequency_band,5.3789333717649646,0.022086812444189807,0.08075657847609109,0.06787891551585538,0.012877662960235708,0.012877662960235708
C3_theta_alpha_ratio_mean,band_ratio,5.331170056100646,0.0226725952669186,2.2044332879488597,2.789624132851361,-0.5851908449025012,0.5851908449025012
O1_hjorth_complexity_std,hjorth,5.294223714304386,0.023136906033045204,0.3814818755056256,0.4961666560497685,-0.11468478054414288,0.11468478054414288
F4_delta_rel_mean,frequency_band,5.289886612347276,0.023192063053903644,0.5208708827232205,0.5650083974056334,-0.04413751468241289,0.04413751468241289
F7_hjorth_mobility_std,hjorth,5.286960608713487,0.023229352539265693,0.08537946762213634,0.07374498282252229,0.011634484799614056,0.011634484799614056
F7_theta_abs_mean,frequency_band,5.248273376193497,0.023728360376822664,3750.3466282069935,5379.885706686933,-1629.5390784799397,1629.5390784799397
Pz_ptp_std,time_domain,5.242818777057752,0.023799618323299302,341.58368088192907,497.71685684712185,-156.13317596519278,156.13317596519278
O1_O2_theta_beta_ratio_mean_diff,asymmetry,5.2175903174758185,0.024132139161472478,0.34958544632253724,0.8701817946013721,-0.5205963482788349,0.5205963482788349
T7_theta_abs_mean,frequency_band,5.191470870988262,0.024481558316701478,3035.258832494078,4551.743813532114,-1516.4849810380356,1516.4849810380356
C4_beta_rel_mean,frequency_band,5.187985647719491,0.024528583786527593,0.08286802968507632,0.06916762268745749,0.013700406997618833,0.013700406997618833
P7_delta_abs_std,frequency_band,5.1555039447366555,0.024971452965498023,21726.26815545146,46734.97784265246,-25008.709687200997,25008.709687200997
P7_std_std,time_domain,5.136368487675435,0.025236287077194997,43.99714040273866,67.92274337114578,-23.925602968407127,23.925602968407127
P7_rms_std,time_domain,5.136368487675435,0.025236287077194997,43.99714040273866,67.92274337114578,-23.925602968407127,23.925602968407127
F7_alpha_rel_mean,frequency_band,5.124756234869776,0.025398440782543424,0.08046084168164057,0.06758654440547486,0.012874297276165708,0.012874297276165708
Pz_beta_rel_std,frequency_band,5.1178043702571605,0.025496041480902728,0.03016237709642586,0.0257324321412728,0.0044299449551530624,0.0044299449551530624
C4_line_length_mean,time_domain,5.076171358578696,0.026088875784643917,21210.666928993833,19199.477342547532,2011.1895864463004,2011.1895864463004
Fz_gamma_rel_mean,frequency_band,5.05455316150967,0.026402420712390587,0.007586163610895116,0.006082426034729973,0.0015037375761651423,0.0015037375761651423
P4_skew_mean,time_domain,5.052550634971345,0.026431665138859826,0.02707160388048588,-0.03091462539141897,0.057986229271904846,0.057986229271904846
P7_P8_alpha_rel_mean_diff,asymmetry,5.031835522055115,0.026736194805165543,0.016123238976798456,-0.0008756529005564728,0.01699889187735493,0.01699889187735493
C3_theta_alpha_ratio_std,band_ratio,5.021806298775766,0.026884959514955686,1.261034554882103,1.6903690893897418,-0.4293345345076389,0.4293345345076389
Fp1_hjorth_complexity_mean,hjorth,5.012575093439155,0.027022658484595053,2.8469204838286863,3.1031440789836355,-0.2562235951549492,0.2562235951549492
F3_hjorth_activity_mean,hjorth,4.999888244468589,0.027213118634424268,28880.01589304351,47075.34482592409,-18195.32893288058,18195.32893288058
P7_psd_8hz_mean,psd_bin,4.979537152668918,0.02752159992979434,378.0482485357468,612.6256056495856,-234.57735711383884,234.57735711383884
F3_theta_beta_ratio_mean,band_ratio,4.974876763667396,0.02759275960487989,3.046345184887141,4.0213404764882075,-0.9749952916010667,0.9749952916010667
O1_psd_4hz_mean,psd_bin,4.963094700574334,0.027773527327279727,2169.862240191532,3560.770169218262,-1390.90792902673,1390.90792902673
F7_gamma_rel_std,frequency_band,4.940280796930322,0.02812711338522239,0.009525819190905081,0.006526553132528383,0.002999266058376698,0.002999266058376698
P3_delta_abs_std,frequency_band,4.907265713291388,0.028647239069847258,23624.32620207183,46983.41692217688,-23359.090720105054,23359.090720105054
F8_delta_rel_mean,frequency_band,4.900626605253742,0.028753053346001207,0.5860757648555787,0.6254054416422993,-0.03932967678672061,0.03932967678672061
Cz_hjorth_complexity_std,hjorth,4.892062946997733,0.028890150855293922,0.3984744922338481,0.5175323845789754,-0.11905789234512731,0.11905789234512731
Pz_theta_abs_mean,frequency_band,4.844209301037061,0.029669062522871444,4150.089959418217,5746.918077710347,-1596.8281182921291,1596.8281182921291
O1_beta_rel_mean,frequency_band,4.844066836957956,0.029671414240648952,0.14143338746336648,0.11138421578393272,0.03004917167943376,0.03004917167943376
F3_psd_2hz_std,psd_bin,4.819016677307434,0.030088005748904353,9396.349552296759,17156.959403326207,-7760.609851029449,7760.609851029449
Pz_psd_4hz_mean,psd_bin,4.81064736676385,0.030228563433072394,1986.8617540008563,3134.893047255214,-1148.0312932543575,1148.0312932543575
T7_T8_theta_beta_ratio_mean_diff,asymmetry,4.805690979722857,0.030312130045428747,0.5234729268308916,1.3504295360294996,-0.8269566091986079,0.8269566091986079
T8_line_length_mean,time_domain,4.792507120810627,0.030535605686201655,21419.07244470338,19210.22692691248,2208.845517790898,2208.845517790898
F4_gamma_rel_std,frequency_band,4.7820249423016845,0.030714528457383504,0.005305571385526557,0.004070545852821029,0.001235025532705528,0.001235025532705528
P7_psd_12hz_mean,psd_bin,4.757511927574744,0.031137287409108226,164.05778758094397,231.35356864242343,-67.29578106147946,67.29578106147946
T8_beta_alpha_ratio_std,band_ratio,4.747977569118904,0.03130337791935334,0.9111667362778734,0.6694555829212726,0.24171115335660076,0.24171115335660076
F7_psd_4hz_mean,psd_bin,4.7352684386743,0.0315262318615152,2104.4628786869657,3144.5166115019006,-1040.0537328149348,1040.0537328149348
Pz_hjorth_activity_std,hjorth,4.7306115146715,0.031608310330285834,23893.125618586717,49045.74637214823,-25152.62075356151,25152.62075356151
T7_beta_rel_std,frequency_band,4.722745356695857,0.0317474654505639,0.04338703336591108,0.0356015031470638,0.007785530218847279,0.007785530218847279
P3_psd_2hz_std,psd_bin,4.716258366504203,0.031862710176758166,9196.584620788904,17005.48068630556,-7808.896065516656,7808.896065516656
F8_hjorth_complexity_mean,hjorth,4.710607653483359,0.03196345869318678,2.8726938227021765,3.0830769610471593,-0.2103831383449828,0.2103831383449828
Pz_theta_rel_mean,frequency_band,4.6818741737869525,0.032480998709133325,0.20771647365347054,0.1855276987257359,0.022188774927734634,0.022188774927734634
T8_gamma_rel_std,frequency_band,4.665540222269774,0.03277914880714064,0.014529459975252828,0.0111222728374034,0.003407187137849427,0.003407187137849427
F7_ptp_mean,time_domain,4.653067355317117,0.03300877128198702,1050.45527864838,1249.0865955109919,-198.6313168626118,198.6313168626118
Fz_line_length_mean,time_domain,4.604391533531159,0.03392130659072076,22093.163361437928,20358.722328129817,1734.4410333081105,1734.4410333081105
T8_gamma_rel_mean,frequency_band,4.573287844237448,0.03451837929258624,0.025058924917771945,0.018553576631371162,0.006505348286400783,0.006505348286400783
F7_hjorth_complexity_mean,hjorth,4.555937697195029,0.034856266614628255,2.89332640697645,3.1345024009117406,-0.24117599393529066,0.24117599393529066
O1_psd_6hz_mean,psd_bin,4.5544528275022484,0.034885346289933006,955.4048692722231,1461.2407537521992,-505.83588447997613,505.83588447997613
Cz_theta_beta_ratio_mean,band_ratio,4.51488946614986,0.035669704980244854,3.374484473798256,4.0503780833843495,-0.6758936095860935,0.6758936095860935
P4_hjorth_activity_mean,hjorth,4.512154869708701,0.03572460601084968,25339.916625416663,42719.912223041385,-17379.995597624722,17379.995597624722
central_theta_rel_mean,region,4.44323568105705,0.037138284197406106,0.20836810817924367,0.18870429742822661,0.019663810751017058,0.019663810751017058
Fz_alpha_rel_mean,frequency_band,4.43816482780115,0.03724461724628101,0.10557971603330693,0.0903231907044821,0.015256525328824835,0.015256525328824835
P7_P8_std_mean_diff,asymmetry,4.382484622926115,0.038433702638349235,-12.033239640755038,20.049242001727883,-32.08248164248292,32.08248164248292
Fp1_skew_mean,time_domain,4.37784163287356,0.03853466226432772,0.30719422885216496,0.19302216106335776,0.1141720677888072,0.1141720677888072
P7_hjorth_activity_std,hjorth,4.347994595165381,0.039190439524425746,24643.087086588468,52535.99565697282,-27892.90857038435,27892.90857038435
F4_beta_rel_mean,frequency_band,4.3426105537458906,0.039309991589730905,0.10021239337314684,0.08265589406902474,0.017556499304122106,0.017556499304122106
Pz_gamma_rel_mean,frequency_band,4.323689464320919,0.03973321800848347,0.012481984584055217,0.008708377572055889,0.0037736070119993286,0.0037736070119993286
C3_mean_std,time_domain,4.29621292707969,0.04035646333464016,2.7436968715827013e-15,3.352492817567589e-15,-6.087959459848876e-16,6.087959459848876e-16
F3_theta_alpha_ratio_mean,band_ratio,4.293316553458771,0.04042276465155499,2.616431161447828,3.020598950919248,-0.40416778947141996,0.40416778947141996
O2_beta_rel_mean,frequency_band,4.291004969456942,0.04047576262601011,0.15538784060853944,0.12864771612301137,0.026740124485528066,0.026740124485528066
Fz_delta_abs_mean,frequency_band,4.290131882916991,0.04049579922313066,19986.25596482227,32872.48693730546,-12886.23097248319,12886.23097248319
Fp2_line_length_mean,time_domain,4.286019661191047,0.04059031326463677,26922.767946274278,23843.837790912392,3078.930155361886,3078.930155361886
P4_hjorth_complexity_std,hjorth,4.278390031942938,0.040766292704871324,0.42946925549432013,0.5297867902321052,-0.10031753473778504,0.10031753473778504
Fz_theta_alpha_ratio_mean,band_ratio,4.270074894668116,0.040959008714691776,2.7244859926242793,3.1022577940360407,-0.3777718014117615,0.3777718014117615
Cz_std_std,time_domain,4.269617514495391,0.04096963729718462,41.526588767479915,61.167724171674344,-19.64113540419443,19.64113540419443
Cz_rms_std,time_domain,4.269617514495391,0.04096963729718462,41.526588767479915,61.167724171674344,-19.64113540419443,19.64113540419443
T7_psd_2hz_std,psd_bin,4.263239778798986,0.04111814915533393,12883.561566731893,20571.710143053446,-7688.148576321553,7688.148576321553
T7_psd_4hz_mean,psd_bin,4.223873522030926,0.04204761247955972,1734.4038587924463,2644.4492725704263,-910.04541377798,910.04541377798
O2_theta_beta_ratio_mean,band_ratio,4.211015374471415,0.04235602958519754,1.5447960687105244,1.9442654231825351,-0.3994693544720107,0.3994693544720107
P8_beta_alpha_ratio_mean,band_ratio,4.208744611076446,0.04241074634437896,2.3455674582525967,1.8187606886254672,0.5268067696271295,0.5268067696271295
P4_delta_abs_mean,frequency_band,4.18192040286674,0.04306283862268003,14834.035922398085,27853.04334688094,-13019.007424482854,13019.007424482854
frontal_beta_rel_mean,region,4.164877735329731,0.04348268897439122,0.09800301363932187,0.08319301778067299,0.01480999585864888,0.01480999585864888
Cz_psd_6hz_std,psd_bin,4.137619237915114,0.044163308167359284,821.5069611564174,1715.025514714813,-893.5185535583955,893.5185535583955
Cz_gamma_rel_mean,frequency_band,4.129618776244315,0.04436522244618164,0.011508074810809055,0.008612297691502362,0.0028957771193066934,0.0028957771193066934
Cz_line_length_mean,time_domain,4.119750439250416,0.04461563541951152,21643.1633412739,19797.121965104252,1846.0413761696473,1846.0413761696473
F8_beta_rel_mean,frequency_band,4.116214474566873,0.04470572856224938,0.10267637333704942,0.08461640306526014,0.01805997027178928,0.01805997027178928
P8_beta_rel_std,frequency_band,4.080552762064915,0.04562528750212554,0.06368872920918635,0.05300333476540229,0.010685394443784059,0.010685394443784059
F7_hjorth_activity_std,hjorth,4.0777088428243005,0.04569948404097092,38602.399894153714,65879.26278705642,-27276.862892902704,27276.862892902704
frontal_theta_rel_mean,region,4.069064331510511,0.04592580745687186,0.18200704286725894,0.16794258422722974,0.014064458640029198,0.014064458640029198
O1_std_std,time_domain,4.060784634973818,0.04614370216759383,49.012877665592136,72.04058185963116,-23.027704194039025,23.027704194039025
O1_rms_std,time_domain,4.060784634973818,0.04614370216759383,49.012877665592136,72.04058185963116,-23.027704194039025,23.027704194039025
Fp1_delta_rel_mean,frequency_band,4.045210606640566,0.04655655767911504,0.5718889434146802,0.610898392379426,-0.039009448964745785,0.039009448964745785
Cz_theta_alpha_ratio_std,band_ratio,3.972182358164484,0.04854583478528781,1.132835653120334,1.3865341875005786,-0.2536985343802445,0.2536985343802445
Fz_psd_2hz_mean,psd_bin,3.9624350624438778,0.04881815015004032,7290.574219573229,12378.726353891476,-5088.152134318247,5088.152134318247
O2_hjorth_complexity_std,hjorth,3.9259409677552903,0.04985231307979397,0.40394230014765836,0.5071350384319478,-0.10319273828428949,0.10319273828428949
O2_alpha_rel_mean,frequency_band,3.8751634909680797,0.05133044375851917,0.11045244857135249,0.09479637549008052,0.015656073081271968,0.015656073081271968
Fp2_skew_mean,time_domain,3.8635968038203123,0.051673673283459225,0.27580123891045294,0.1658875705426365,0.10991366836781644,0.10991366836781644
O2_skew_mean,time_domain,3.85568108626322,0.05190998144421983,0.04710889225751649,-0.006560282621033045,0.05366917487854953,0.05366917487854953
F7_beta_rel_mean,frequency_band,3.851124524803077,0.05204653378698765,0.09798444927705673,0.08092310496926661,0.01706134430779012,0.01706134430779012
Cz_hjorth_activity_std,hjorth,3.8420263193291713,0.05232034508739283,24724.464549264372,49033.62851297893,-24309.16396371456,24309.16396371456
O2_hjorth_mobility_mean,hjorth,3.8366017042761924,0.052484334103140906,0.4804881814365212,0.43731875680511306,0.04316942463140816,0.04316942463140816
C3_delta_abs_mean,frequency_band,3.8201241608922345,0.05298584866220871,18992.435516324655,33677.73160689405,-14685.296090569394,14685.296090569394
F3_ptp_mean,time_domain,3.8185473215729875,0.053034110545566934,961.7011010908299,1128.5470958843603,-166.8459947935304,166.8459947935304
C4_hjorth_complexity_std,hjorth,3.7941200893727838,0.05378780411830959,0.44628237624890565,0.5504260263369808,-0.10414365008807513,0.10414365008807513
P7_alpha_abs_mean,frequency_band,3.7828205619175304,0.054140328655002505,1179.2545184254532,1638.4020408527092,-459.14752242725604,459.14752242725604
C3_alpha_rel_mean,frequency_band,3.777983585313974,0.0542919908970717,0.14703613868576598,0.1190609742032638,0.027975164482502188,0.027975164482502188
Fz_psd_24hz_mean,psd_bin,3.77691480994032,0.05432556358619302,86.85785968471944,60.47255826512084,26.385301419598605,26.385301419598605
C3_hjorth_activity_mean,hjorth,3.766191278809203,0.0546636509891695,30885.086241051133,48328.570931913935,-17443.484690862802,17443.484690862802
F7_psd_2hz_std,psd_bin,3.744658539899195,0.05534937135910905,14060.041607960751,21858.04948891502,-7798.00788095427,7798.00788095427
T7_alpha_rel_std,frequency_band,3.7347772869936477,0.05566713300363553,0.0514581129707415,0.043131782067997775,0.008326330902743727,0.008326330902743727
P4_hjorth_activity_std,hjorth,3.7337601070332513,0.05569995462595988,25711.49606091465,51129.870514786126,-25418.374453871475,25418.374453871475
F4_skew_mean,time_domain,3.7292853351387545,0.055844590504386324,0.06755360108307147,0.009921465784372968,0.057632135298698504,0.057632135298698504
Cz_theta_abs_std,frequency_band,3.7244376067141447,0.056001736939890655,2604.339947060962,5851.900647543401,-3247.5607004824387,3247.5607004824387
T7_kurtosis_mean,time_domain,3.6798052473971135,0.057471106720197986,1.4143463777511862,1.857622926496244,-0.44327654874505784,0.44327654874505784
C3_std_std,time_domain,3.675671260143396,0.0576092878068636,48.87122705174096,68.75003476775352,-19.87880771601256,19.87880771601256
C3_rms_std,time_domain,3.675671260143396,0.0576092878068636,48.87122705174096,68.75003476775352,-19.87880771601256,19.87880771601256
Pz_hjorth_complexity_std,hjorth,3.6499810003241593,0.05847605586188108,0.3920910918099144,0.49944375705047567,-0.10735266524056125,0.10735266524056125
F3_std_mean,time_domain,3.648648203056469,0.05852140471378673,152.3334660301527,175.38232123823036,-23.04885520807767,23.04885520807767
F3_rms_mean,time_domain,3.648648203056469,0.05852140471378673,152.3334660301527,175.38232123823036,-23.04885520807767,23.04885520807767
P7_beta_rel_std,frequency_band,3.6070130346987828,0.05995730120547019,0.05743913691409388,0.048935679055673885,0.008503457858419994,0.008503457858419994
F7_beta_rel_std,frequency_band,3.602050006544883,0.06013097990725565,0.047991921140698335,0.04053069342540684,0.0074612277152914935,0.0074612277152914935
F3_theta_beta_ratio_std,band_ratio,3.583518685314658,0.060784282485389994,1.6007296720855726,2.3906018005882097,-0.7898721285026371,0.7898721285026371
C3_psd_2hz_mean,psd_bin,3.5766407849492343,0.06102869943077951,7242.9391056744535,12916.187815696347,-5673.248710021893,5673.248710021893
F3_hjorth_complexity_std,hjorth,3.5704640032484396,0.06124910445116451,0.4491917349670341,0.5342423872799968,-0.08505065231296277,0.08505065231296277
F4_theta_beta_ratio_std,band_ratio,3.570120141833609,0.061261399597214626,1.2811684311911342,1.6329105914464448,-0.3517421602553106,0.3517421602553106
P7_skew_mean,time_domain,3.569760897782449,0.061274247609765325,-0.01549815760208573,-0.08144191392063127,0.06594375631854554,0.06594375631854554
O1_skew_mean,time_domain,3.5663060982326,0.061397953611070186,0.0305437515467798,-0.015632038261459813,0.04617578980823961,0.04617578980823961
F3_F4_theta_rel_mean_diff,asymmetry,3.5326518011957875,0.06261720846985691,0.016975693396716205,0.0012860261388075742,0.01568966725790863,0.01568966725790863
O1_hjorth_activity_std,hjorth,3.526023131782188,0.06286042348456047,33928.17087989618,61579.89904885623,-27651.72816896005,27651.72816896005
O1_gamma_rel_mean,frequency_band,3.504876018932959,0.06364318259911435,0.030467538011423597,0.021716723990877596,0.008750814020546002,0.008750814020546002
P7_ptp_std,time_domain,3.502007637263548,0.06375016380367211,387.1919730526909,529.9460240252278,-142.75405097253685,142.75405097253685
F7_delta_abs_std,frequency_band,3.499549665461193,0.06384199263198592,36454.53260214787,57279.728424987064,-20825.195822839196,20825.195822839196
P7_psd_14hz_mean,psd_bin,3.49853986738265,0.06387975968061173,144.34230181049958,206.1482508872054,-61.805949076705815,61.805949076705815
O2_std_mean,time_domain,3.4724698225600985,0.06486319998763142,147.52468916379328,169.40562821582895,-21.88093905203567,21.88093905203567
O2_rms_mean,time_domain,3.4724698225600985,0.06486319998763142,147.52468916379328,169.40562821582895,-21.88093905203567,21.88093905203567
O2_delta_abs_mean,frequency_band,3.459192153819854,0.06537035289610535,15547.765389434444,27108.812770349534,-11561.04738091509,11561.04738091509
O1_ptp_std,time_domain,3.4307385937614945,0.0664716644112135,415.07775564460576,566.730383764277,-151.65262811967125,151.65262811967125
F7_psd_6hz_mean,psd_bin,3.4058566458085293,0.06745119889943632,893.1326102438379,1220.2191129024357,-327.08650265859774,327.08650265859774
T8_hjorth_mobility_std,hjorth,3.381866844298254,0.06841042595287081,0.0992726552768812,0.08723506063005446,0.012037594646826744,0.012037594646826744
P4_beta_rel_mean,frequency_band,3.3812008573310206,0.06843726522400469,0.09108086984464574,0.07843043654352222,0.012650433301123518,0.012650433301123518
frontal_theta_beta_ratio_mean,region,3.365403884769114,0.06907724000049184,2.9140048062375956,3.3673082051782535,-0.45330339894065785,0.45330339894065785
P4_psd_6hz_std,psd_bin,3.364550305439228,0.06911200483942974,724.7037786236721,1648.7598117717469,-924.0560331480748,924.0560331480748
F3_std_std,time_domain,3.3410032756232617,0.07007855405814459,50.11566630813806,68.54510082068974,-18.42943451255168,18.42943451255168
F3_rms_std,time_domain,3.3410032756232617,0.07007855405814459,50.11566630813806,68.54510082068974,-18.42943451255168,18.42943451255168
C3_std_mean,time_domain,3.326925034211781,0.0706634276713763,154.21826058246052,178.05092379136306,-23.832663208902545,23.832663208902545
C3_rms_mean,time_domain,3.326925034211781,0.0706634276713763,154.21826058246052,178.05092379136306,-23.832663208902545,23.832663208902545
P3_theta_abs_mean,frequency_band,3.3246303945070763,0.07075925826559043,4300.999586426132,6049.4127910893885,-1748.4132046632567,1748.4132046632567
frontal_alpha_rel_mean,region,3.3223816502130514,0.07085330896754674,0.08755484023621385,0.07822291452959945,0.009331925706614397,0.009331925706614397
C3_ptp_mean,time_domain,3.3175319803321464,0.07105660195018608,958.262213516168,1123.4729595116262,-165.21074599545818,165.21074599545818
O1_delta_abs_std,frequency_band,3.3072240244597975,0.07149080640869479,27767.889561701504,48602.693712101434,-20834.80415039993,20834.80415039993
O1_psd_2hz_std,psd_bin,3.2990764362419425,0.07183604729851711,10064.683696905357,16855.585128632745,-6790.901431727389,6790.901431727389
O1_theta_rel_std,frequency_band,3.298107696697934,0.07187721633153858,0.05992880029475163,0.06530421113561333,-0.005375410840861697,0.005375410840861697
T7_psd_6hz_mean,psd_bin,3.293815739950341,0.07205992232358917,723.526103505661,1035.2903028165097,-311.76419931084865,311.76419931084865
Fp1_mean_std,time_domain,3.285075653014987,0.07243354379014827,3.266309791246753e-15,3.835785070475772e-15,-5.694752792290194e-16,5.694752792290194e-16
F3_skew_std,time_domain,3.245030602272418,0.07417251403996904,0.45938167379972117,0.5327364501123844,-0.07335477631266318,0.07335477631266318
P4_gamma_rel_std,frequency_band,3.2204836033214606,0.07526088232789355,0.004910900797769712,0.003979319465792073,0.0009315813319776397,0.0009315813319776397
Fz_std_std,time_domain,3.2055931250522485,0.0759295579290962,53.3536954989683,71.87782442166117,-18.524128922692874,18.524128922692874
Fz_rms_std,time_domain,3.2055931250522485,0.0759295579290962,53.3536954989683,71.87782442166117,-18.524128922692874,18.524128922692874
P3_mean_std,time_domain,3.197851939943003,0.07627973832832638,2.8883339670541246e-15,3.537223694325806e-15,-6.488897272716814e-16,6.488897272716814e-16
P4_std_std,time_domain,3.1909981302511747,0.07659124541816316,45.54538123062861,63.18078797896958,-17.635406748340976,17.635406748340976
P4_rms_std,time_domain,3.1909981302511747,0.07659124541816316,45.54538123062861,63.18078797896958,-17.635406748340976,17.635406748340976
F3_beta_rel_mean,frequency_band,3.1824429240761822,0.07698202690480442,0.08855513726549617,0.07546071827836354,0.013094418987132636,0.013094418987132636
P8_gamma_rel_std,frequency_band,3.180201505576503,0.07708476826336674,0.01687602379302649,0.013896021467030995,0.0029800023259954934,0.0029800023259954934
F3_delta_abs_std,frequency_band,3.1711798483183253,0.07749981321115551,26679.310937219896,45029.08146395729,-18349.770526737397,18349.770526737397
Fz_skew_mean,time_domain,3.151588392424828,0.07840953809185179,0.059398548435642996,0.01167194556767301,0.04772660286796999,0.04772660286796999
P7_hjorth_complexity_std,hjorth,3.140506403814315,0.0789292784371391,0.4752803923104528,0.5801839697936233,-0.10490357748317047,0.10490357748317047
T7_std_std,time_domain,3.1362147688471094,0.07913156251979034,62.75652165940198,81.49196649697102,-18.735444837569034,18.735444837569034
T7_rms_std,time_domain,3.1362147688471094,0.07913156251979034,62.75652165940198,81.49196649697102,-18.735444837569034,18.735444837569034
Fz_hjorth_activity_mean,hjorth,3.1243070494055316,0.07969579468027557,34181.61611407313,48105.4026755599,-13923.78656148677,13923.78656148677
central_alpha_rel_mean,region,3.113982008406344,0.08018858837186307,0.14171157159400102,0.12015870748602908,0.021552864107971942,0.021552864107971942
P4_psd_2hz_mean,psd_bin,3.1037207372186764,0.08068163582172562,5466.6728145056595,8933.659461218107,-3466.9866467124475,3466.9866467124475
Fp1_Fp2_std_mean_diff,asymmetry,3.065140378213199,0.08256524267085777,-12.438659542942244,10.682159113550677,-23.120818656492922,23.120818656492922
temporal_theta_rel_mean,region,3.052519402418261,0.08319182755276933,0.15877923430486204,0.1447613384647596,0.014017895840102435,0.014017895840102435
F3_kurtosis_mean,time_domain,3.049433439859526,0.08334582417582434,1.0155693951024092,1.3238840437255608,-0.3083146486231516,0.3083146486231516
C3_line_length_mean,time_domain,3.044043036027612,0.08361556627577679,21069.47201980151,19626.10692274305,1443.3650970584604,1443.3650970584604
C3_hjorth_complexity_std,hjorth,3.0145955140524654,0.08510612117384937,0.43020857956764214,0.5174880602414541,-0.08727948067381197,0.08727948067381197
F4_psd_22hz_mean,psd_bin,3.009538440320989,0.08536501131344389,134.36786284811916,96.55323276843468,37.81463007968448,37.81463007968448
Fp1_zero_crossing_rate_mean,time_domain,3.008255358689848,0.08543083405823422,0.13389503947243567,0.12333509364192802,0.01055994583050765,0.01055994583050765
C4_theta_rel_mean,frequency_band,3.000914636713506,0.0858084873423318,0.19662284536022465,0.17919400825415377,0.017428837106070877,0.017428837106070877
Cz_mean_std,time_domain,2.9987803028347253,0.08591863389949017,2.694905473862745e-15,3.1358174007849144e-15,-4.409119269221696e-16,4.409119269221696e-16
Fp1_alpha_rel_std,frequency_band,2.991162428846068,0.0863130345088337,0.039690119295733114,0.03552088218335084,0.004169237112382276,0.004169237112382276
T7_delta_abs_std,frequency_band,2.9894612719863987,0.08640137931683697,35715.35518086808,53948.29981013628,-18232.944629268204,18232.944629268204
P4_std_mean,time_domain,2.987152797928907,0.08652142196402783,144.5213239366138,164.69672783149466,-20.175403894880844,20.175403894880844
P4_rms_mean,time_domain,2.987152797928907,0.08652142196402783,144.5213239366138,164.69672783149466,-20.175403894880844,20.175403894880844
P4_delta_abs_std,frequency_band,2.983083473558597,0.08673347573780886,21206.331024862964,38028.80252004431,-16822.471495181344,16822.471495181344
F4_hjorth_complexity_std,hjorth,2.9821548099401256,0.08678194848936484,0.45904161108660707,0.5408258797585573,-0.08178426867195027,0.08178426867195027
F7_std_std,time_domain,2.971579962657002,0.08733601538702854,67.61642317767706,85.83275434720625,-18.216331169529184,18.216331169529184
F7_rms_std,time_domain,2.971579962657002,0.08733601538702854,67.61642317767706,85.83275434720625,-18.216331169529184,18.216331169529184
F7_kurtosis_std,time_domain,2.952003468745672,0.08837198909195822,3.4143406609517037,2.5233607022160993,0.8909799587356044,0.8909799587356044
P8_beta_alpha_ratio_std,band_ratio,2.949716663642264,0.08849388193764829,1.0552519667415383,0.8260380133439943,0.22921395339754402,0.22921395339754402
parietal_theta_rel_mean,region,2.9342284567966037,0.08932431841842713,0.18169168181471146,0.1682959714092062,0.013395710405505246,0.013395710405505246
T7_skew_std,time_domain,2.9192259916925924,0.09013687559224799,0.5823475376984885,0.6733410634614352,-0.09099352576294673,0.09099352576294673
Fp2_zero_crossing_rate_mean,time_domain,2.8888027522434907,0.09180969654337409,0.14141070644856296,0.13028466046018788,0.011126045988375077,0.011126045988375077
F8_hjorth_complexity_std,hjorth,2.887171382331337,0.09190035658899796,0.6046291322918114,0.6851271498884465,-0.08049801759663511,0.08049801759663511
T7_hjorth_activity_std,hjorth,2.885381068584266,0.0919999629479984,37202.142404509395,58738.33117843434,-21536.188773924943,21536.188773924943
P7_psd_20hz_mean,psd_bin,2.8701324735193485,0.09285316751684557,106.12034339420862,149.46251166885676,-43.342168274648145,43.342168274648145
T8_theta_beta_ratio_std,band_ratio,2.867057900226388,0.09302625170122955,1.2685899325951007,1.6330074987205685,-0.36441756612546783,0.36441756612546783
Fp1_theta_rel_mean,frequency_band,2.8586005367999645,0.09350419668678482,0.1694335105350085,0.15581956107398884,0.013613949461019653,0.013613949461019653
Cz_delta_abs_std,frequency_band,2.8582756440786494,0.09352261095762966,18819.33530262104,33510.55762818161,-14691.222325560571,14691.222325560571
P4_theta_abs_mean,frequency_band,2.8477968155299966,0.0941186767266271,3749.4992193915477,5127.494098124051,-1377.994878732503,1377.994878732503
P7_kurtosis_mean,time_domain,2.843437647388208,0.0943678699312375,1.139176640965676,1.4981414506287978,-0.3589648096631217,0.3589648096631217
P4_psd_6hz_mean,psd_bin,2.8220113553101056,0.09560332546755276,871.8064043912605,1213.0109629256267,-341.20455853436624,341.20455853436624
P4_theta_abs_std,frequency_band,2.81787342688191,0.09584396944981277,2514.1454657965846,5377.78166609978,-2863.636200303195,2863.636200303195
C4_delta_rel_std,frequency_band,2.8138179674860524,0.09608046560508914,0.12603144137223468,0.13458426456179037,-0.008552823189555692,0.008552823189555692
Cz_ptp_std,time_domain,2.813150670262976,0.09611944099785485,359.6657249961709,477.97575569311,-118.31003069693907,118.31003069693907
F3_psd_4hz_mean,psd_bin,2.7977275327696147,0.09702515067633198,2269.3437364201227,3125.542201199635,-856.1984647795125,856.1984647795125
P7_theta_abs_std,frequency_band,2.78489203672163,0.09778608557243512,2738.066304645901,5581.152204083222,-2843.0858994373216,2843.0858994373216
C3_hjorth_activity_std,hjorth,2.7725553370728178,0.09852366371340822,31186.20768497282,52765.505026033374,-21579.297341060555,21579.297341060555
O2_mean_std,time_domain,2.7647155227993325,0.09899557731102346,2.7805866240182093e-15,3.2945026726971573e-15,-5.139160486789481e-16,5.139160486789481e-16
C3_C4_theta_beta_ratio_mean_diff,asymmetry,2.764473361919041,0.09901019376596627,0.28747878339102106,0.7629871168681552,-0.47550833347713417,0.47550833347713417
F8_beta_rel_std,frequency_band,2.760026486219963,0.09927902467777835,0.04794106505890815,0.04299935735054983,0.00494170770835832,0.00494170770835832
F7_skew_mean,time_domain,2.750516084326778,0.09985667704980095,0.10934817600808427,0.04177891514391256,0.06756926086417171,0.06756926086417171
Cz_theta_alpha_ratio_mean,band_ratio,2.7355173586411015,0.1007752509616407,2.2234726004135896,2.536834989598347,-0.31336238918475745,0.31336238918475745
Fz_zero_crossing_rate_std,time_domain,2.694244079501454,0.10335159973730482,0.017877142268902784,0.019078465257963136,-0.0012013229890603522,0.0012013229890603522
C3_delta_abs_std,frequency_band,2.689045979224685,0.10368121376180882,27716.014610612405,45521.992875227945,-17805.97826461554,17805.97826461554
T7_theta_rel_mean,frequency_band,2.677469861390419,0.10441945562513191,0.16785441827177475,0.15121377756508989,0.01664064070668486,0.01664064070668486
P4_beta_alpha_ratio_std,band_ratio,2.6731420138826487,0.10469694986200577,0.36071882927202803,0.32079327468766905,0.03992555458435898,0.03992555458435898
F3_hjorth_activity_std,hjorth,2.6383736376477724,0.10695616320280767,30634.773292779966,51440.10223807615,-20805.328945296184,20805.328945296184
P8_mean_std,time_domain,2.606881070463147,0.10904932143338521,2.318991691981013e-15,2.7859759319515972e-15,-4.669842399705841e-16,4.669842399705841e-16
Fz_hjorth_activity_std,hjorth,2.604000048404328,0.10924307117403322,34774.34758622778,54687.61331744116,-19913.26573121338,19913.26573121338
P4_theta_rel_mean,frequency_band,2.5901217543121553,0.11018177295000478,0.19160715569855888,0.17802284190639756,0.013584313792161323,0.013584313792161323
F4_mean_std,time_domain,2.561307863677478,0.11215950197859226,2.813079453823233e-15,3.196012640007273e-15,-3.829331861840399e-16,3.829331861840399e-16
C3_kurtosis_mean,time_domain,2.551042296215185,0.11287364063104188,0.8588329893175087,1.1638323630207466,-0.3049993737032378,0.3049993737032378
F3_psd_24hz_mean,psd_bin,2.546939233339041,0.1131604928117145,75.41086932627482,62.06946939528382,13.341399930991003,13.341399930991003
Fz_skew_std,time_domain,2.5463217388919306,0.11320373324526299,0.4632514466648717,0.5304506158609347,-0.06719916919606295,0.06719916919606295
F4_hjorth_activity_std,hjorth,2.5385927643900312,0.11374652130417402,30084.977473104187,50107.4965208041,-20022.519047699916,20022.519047699916
T8_alpha_rel_mean,frequency_band,2.5369447142948958,0.11386263521369147,0.09732405458219424,0.0820711882583724,0.015252866323821848,0.015252866323821848
Pz_psd_6hz_mean,psd_bin,2.535630040757005,0.11395535579542093,1014.6755814171756,1284.80697895412,-270.1313975369444,270.1313975369444
F3_line_length_mean,time_domain,2.53541957581599,0.11397020717391525,20906.80596354503,19571.91754596929,1334.8884175757412,1334.8884175757412
Cz_hjorth_activity_mean,hjorth,2.533114552504341,0.1141330016965548,27863.775605646675,39668.787938003,-11805.012332356324,11805.012332356324
Fp2_theta_alpha_ratio_mean,band_ratio,2.5123270163406897,0.1156129247183102,3.3406254766322383,2.9710425996742216,0.3695828769580167,0.3695828769580167
P7_psd_4hz_std,psd_bin,2.497452732608367,0.11668502154670903,2018.0019330887235,3751.0480910029755,-1733.046157914252,1733.046157914252
O2_zero_crossing_rate_mean,time_domain,2.495013012370805,0.11686192820389368,0.15613360526964573,0.14498678205666934,0.011146823212976387,0.011146823212976387
Cz_delta_abs_mean,frequency_band,2.4910702567852483,0.11714845571572616,15337.051653308818,24364.816535615348,-9027.76488230653,9027.76488230653
P3_psd_4hz_mean,psd_bin,2.488034050641354,0.1173696379517141,2151.6612060709786,3321.8261548712926,-1170.164948800314,1170.164948800314
C4_hjorth_activity_mean,hjorth,2.4775215695272936,0.11813906948670154,29125.184833518313,41558.40670853691,-12433.221875018597,12433.221875018597
Fz_mean_std,time_domain,2.476973577044642,0.1181793327236664,2.8699104565523328e-15,3.2463603683980228e-15,-3.7644991184569e-16,3.7644991184569e-16
Pz_beta_alpha_ratio_std,band_ratio,2.476201155478582,0.11823611175491915,0.328730927225908,0.2899514944576295,0.0387794327682785,0.0387794327682785
Cz_alpha_rel_mean,frequency_band,2.4759611411255764,0.11825376090406889,0.1367421659903574,0.11813277259238314,0.018609393397974267,0.018609393397974267
Cz_theta_beta_ratio_std,band_ratio,2.4727805210594025,0.11848792234482511,1.5614327505092809,1.9691906687948817,-0.4077579182856008,0.4077579182856008
P7_beta_alpha_ratio_std,band_ratio,2.4696397446348017,0.11871965977041718,0.8757159264649087,0.7168567334987297,0.158859192966179,0.158859192966179
F7_zero_crossing_rate_std,time_domain,2.46739041045604,0.1188859352375754,0.025359433196595338,0.023227288571620913,0.0021321446249744254,0.0021321446249744254
C4_delta_abs_mean,frequency_band,2.451178241983989,0.12009211425950363,17185.022452237972,26983.27892627912,-9798.256474041147,9798.256474041147
Fp1_delta_abs_mean,frequency_band,2.4389413780571587,0.1210116129982741,34620.778409322906,47633.368494113914,-13012.590084791009,13012.590084791009
C4_theta_beta_ratio_mean,band_ratio,2.4357695432355375,0.12125123602376185,3.0811459766472216,3.5797080308611937,-0.49856205421397215,0.49856205421397215
P7_psd_16hz_mean,psd_bin,2.4349036778331654,0.12131674207389379,135.47619422051383,182.2133321346366,-46.73713791412277,46.73713791412277
F4_psd_6hz_std,psd_bin,2.421017102110025,0.12237275624869352,932.1561217860759,1634.871345618751,-702.7152238326752,702.7152238326752
F3_gamma_rel_std,frequency_band,2.4170207291479544,0.12267857123314806,0.004131417046581178,0.003507038508405819,0.0006243785381753594,0.0006243785381753594
P3_P4_hjorth_mobility_mean_diff,asymmetry,2.401589755839127,0.12386747543179628,0.02584005679026827,0.0037655972515622757,0.022074459538705994,0.022074459538705994
F3_F4_std_mean_diff,asymmetry,2.4011926678765434,0.12389824000009408,-9.05261117237084,9.878427844794324,-18.931039017165162,18.931039017165162
Fp2_mean_mean,time_domain,2.3981806097950473,0.12413188021909327,-6.524465864695317e-17,9.874854844274947e-17,-1.6399320708970264e-16,1.6399320708970264e-16
C3_psd_2hz_std,psd_bin,2.379204730499272,0.12561524143397856,11110.86646916439,17233.377449788844,-6122.5109806244545,6122.5109806244545
O2_theta_beta_ratio_std,band_ratio,2.363047730622426,0.12689397079444228,0.7680182278546679,0.9680080555710259,-0.19998982771635798,0.19998982771635798
F8_theta_beta_ratio_mean,band_ratio,2.3492246921268642,0.12799961731744003,2.3421742878703293,2.7074549257426948,-0.3652806378723654,0.3652806378723654
F8_hjorth_mobility_std,hjorth,2.3479166653297305,0.12810480146732942,0.08096094787890463,0.07530813707018501,0.005652810808719627,0.005652810808719627
P4_psd_4hz_mean,psd_bin,2.3378586390065403,0.1289168723788571,1932.0997928292288,2742.288172315238,-810.1883794860094,810.1883794860094
Fp1_hjorth_mobility_mean,hjorth,2.3344283689963286,0.129195152900059,0.3713696606664117,0.34470812852768107,0.026661532138730626,0.026661532138730626
T7_ptp_std,time_domain,2.3275648040317876,0.12975399475855717,520.4744857545627,639.6142673113359,-119.13978155677319,119.13978155677319
T7_zero_crossing_rate_std,time_domain,2.323315777454121,0.13010132281099313,0.023291239549867216,0.021680634740556627,0.0016106048093105889,0.0016106048093105889
C4_psd_6hz_std,psd_bin,2.3191916813289035,0.13043944187266893,932.9671639021838,1670.1247694369897,-737.157605534806,737.157605534806
Cz_psd_26hz_std,psd_bin,2.3183722235994075,0.13050674411053878,39.50436788097183,139.92502653886675,-100.42065865789492,100.42065865789492
C4_hjorth_activity_std,hjorth,2.30996616083646,0.1311994031736082,31273.494172612303,51842.688729114394,-20569.19455650209,20569.19455650209
F3_ptp_std,time_domain,2.306412246918133,0.13149349267343807,416.7907939065029,529.6846913745451,-112.89389746804216,112.89389746804216
F4_beta_alpha_ratio_mean,band_ratio,2.300981198299028,0.13194435564391427,1.168679743545976,1.0318041821112913,0.1368755614346846,0.1368755614346846
P3_alpha_rel_std,frequency_band,2.2912373578476397,0.13275763186123368,0.05512984698771622,0.04914286504831603,0.005986981939400185,0.005986981939400185
O1_gamma_rel_std,frequency_band,2.2849922118619723,0.13328186533992203,0.011658579237298116,0.009314286830627735,0.002344292406670381,0.002344292406670381
F4_beta_rel_std,frequency_band,2.281480341432795,0.13357768834825431,0.03916542952173113,0.03464891763928639,0.004516511882444743,0.004516511882444743
F8_beta_alpha_ratio_mean,band_ratio,2.2795140721438862,0.13374364150521184,1.5119167059953706,1.3368015783904537,0.175115127604917,0.175115127604917
C4_std_std,time_domain,2.2746794375173534,0.1341526770405089,50.573767496654625,65.74038388399248,-15.166616387337854,15.166616387337854
C4_rms_std,time_domain,2.2746794375173534,0.1341526770405089,50.573767496654625,65.74038388399248,-15.166616387337854,15.166616387337854
P7_psd_18hz_mean,psd_bin,2.2743478714657646,0.13418078107449502,120.73748894320843,154.04939285793407,-33.31190391472563,33.31190391472563
F4_psd_24hz_mean,psd_bin,2.2712942975127093,0.1344399198934382,97.17467573365053,76.02082483527859,21.153850898371942,21.153850898371942
P4_ptp_mean,time_domain,2.2708412726258604,0.13447841365036653,903.9511009651478,1031.5789474288554,-127.62784646370756,127.62784646370756
T7_gamma_abs_mean,frequency_band,2.2637334153341535,0.13508400767901174,212.20249624517695,166.1259246367889,46.076571608388036,46.076571608388036
Fz_std_mean,time_domain,2.256201269569756,0.13572912221244807,163.91027904364117,181.4158907594253,-17.50561171578414,17.50561171578414
Fz_rms_mean,time_domain,2.256201269569756,0.13572912221244807,163.91027904364117,181.4158907594253,-17.50561171578414,17.50561171578414
C3_gamma_rel_std,frequency_band,2.246426424804982,0.13657152752847523,0.004085294937960484,0.003478048053580735,0.0006072468843797492,0.0006072468843797492
C3_ptp_std,time_domain,2.2422815942218057,0.13693051991331914,417.7845523827801,533.0389576386211,-115.25440525584105,115.25440525584105
O2_hjorth_activity_mean,hjorth,2.227967157286263,0.138178573863454,29207.79266853205,42003.53548122363,-12795.742812691584,12795.742812691584
Fp1_Fp2_theta_rel_mean_diff,asymmetry,2.2241624768500197,0.13851246460024721,0.013426312788725492,0.003066517617378782,0.01035979517134671,0.01035979517134671
T8_mean_std,time_domain,2.2178870462914078,0.13906518511649307,2.7243010505101744e-15,3.1786786931761895e-15,-4.543776426660151e-16,4.543776426660151e-16
Fz_delta_abs_std,frequency_band,2.2158396695118765,0.13924605290211445,30566.594737490017,45274.96012233154,-14708.365384841523,14708.365384841523
F4_theta_abs_std,frequency_band,2.2155028517853443,0.13927583336237923,3038.8071804160445,5279.556566427895,-2240.74938601185,2240.74938601185
Fp1_hjorth_activity_mean,hjorth,2.2154432576131455,0.13928110326135937,50740.14037239495,66083.6112393507,-15343.470866955759,15343.470866955759
F7_psd_12hz_mean,psd_bin,2.2131218657370755,0.13948655965345746,190.64192634457638,237.78569437594246,-47.14376803136608,47.14376803136608
central_std_mean,region,2.2036118374586753,0.14033185139030901,153.04315493219576,167.8273048994408,-14.784149967245042,14.784149967245042
O2_ptp_mean,time_domain,2.1867784156619825,0.14184238472925884,958.4887552013671,1089.31144395317,-130.82268875180296,130.82268875180296
O2_psd_2hz_mean,psd_bin,2.1856130719277074,0.1419476380416066,5718.759551136799,8558.060685651853,-2839.3011345150544,2839.3011345150544
P3_theta_abs_std,frequency_band,2.18405416744439,0.14208857648487233,3638.7512084515824,6585.971751087002,-2947.22054263542,2947.22054263542
P7_beta_abs_mean,frequency_band,2.17448100883003,0.14295757094324954,1684.5902882865587,2140.3630514901247,-455.772763203566,455.772763203566
P8_hjorth_mobility_std,hjorth,2.171196140925617,0.1432571440174651,0.09660994416537029,0.08689245883143623,0.009717485333934059,0.009717485333934059
P3_hjorth_mobility_std,hjorth,2.164668263398593,0.14385459630615036,0.05574635231373598,0.06184175690387108,-0.006095404590135099,0.006095404590135099
F8_beta_alpha_ratio_std,band_ratio,2.161491893720602,0.14414633359168041,0.6260883262168405,0.5478996331931708,0.07818869302366971,0.07818869302366971
T8_psd_22hz_mean,psd_bin,2.1381799395629635,0.14630819524025268,121.07853489593734,92.72328789917174,28.3552469967656,28.3552469967656
O1_O2_std_mean_diff,asymmetry,2.137644759424132,0.14635825806212577,-0.6406859218755508,18.383807305075436,-19.024493226950987,19.024493226950987
Fz_ptp_mean,time_domain,2.1375512016408544,0.14636701182572026,1037.2194701256549,1160.4279864160346,-123.20851629037975,123.20851629037975
Pz_gamma_rel_std,frequency_band,2.1301938289869975,0.14705728094930753,0.005148754741908412,0.003875332161609657,0.0012734225802987545,0.0012734225802987545
F8_psd_6hz_std,psd_bin,2.1264898786345454,0.1474061911556576,906.7007464911591,1639.3652351764583,-732.6644886852993,732.6644886852993
Pz_beta_alpha_ratio_mean,band_ratio,2.1223657673524468,0.1477957926832355,0.8121783647838502,0.7210975541973472,0.09108081058650297,0.09108081058650297
O1_psd_8hz_mean,psd_bin,2.0921448692114644,0.15068690698511503,687.0333372887793,897.6166182515167,-210.58328096273738,210.58328096273738
Fz_kurtosis_mean,time_domain,2.0887875515006376,0.15101206113404822,1.00477898196294,1.297718710426385,-0.29293972846344496,0.29293972846344496
T8_beta_alpha_ratio_mean,band_ratio,2.0845084038571065,0.1514276585711235,1.7973816518112626,1.4844448548015623,0.31293679700970034,0.31293679700970034
P8_skew_mean,time_domain,2.07959579631116,0.151906394005107,0.013698476704816817,-0.03591377558311057,0.049612252287927386,0.049612252287927386
F3_theta_rel_std,frequency_band,2.0771785301842,0.1521425935474265,0.07490626633627756,0.07031985486924777,0.004586411467029788,0.004586411467029788
F8_kurtosis_std,time_domain,2.0715992509347063,0.15268937228735335,3.4303759668439895,2.6025703292385223,0.8278056376054672,0.8278056376054672
T7_delta_rel_std,frequency_band,2.071136264327333,0.1527348468236189,0.14331821924247545,0.1341750320993773,0.009143187143098142,0.009143187143098142
P3_P4_theta_rel_mean_diff,asymmetry,2.0662296712123656,0.15321772731624284,0.009225153157462588,-0.0024047334873114417,0.01162988664477403,0.01162988664477403
P3_psd_6hz_mean,psd_bin,2.060645267634048,0.15376944490281325,1039.501705155438,1313.4523973158623,-273.9506921604243,273.9506921604243
P4_gamma_rel_mean,frequency_band,2.044416651527099,0.15538574779647776,0.011121237376882684,0.009308240460144323,0.0018129969167383613,0.0018129969167383613
P7_P8_theta_beta_ratio_mean_diff,asymmetry,2.0374216175274307,0.15608843190299704,-0.28803415568781704,0.38850681492716266,-0.6765409706149796,0.6765409706149796
F4_std_std,time_domain,2.032976763488977,0.15653683469305718,50.824391495815995,64.80580112283302,-13.981409627017023,13.981409627017023
F4_rms_std,time_domain,2.032976763488977,0.15653683469305718,50.824391495815995,64.80580112283302,-13.981409627017023,13.981409627017023
C4_gamma_rel_std,frequency_band,2.0217161875555494,0.1576794574147505,0.004698652307129454,0.0038044826932480493,0.0008941696138814047,0.0008941696138814047
T7_hjorth_mobility_std,hjorth,2.0189131423916034,0.1579653740288035,0.07870478718004309,0.07162531029416622,0.007079476885876873,0.007079476885876873
F4_beta_alpha_ratio_std,band_ratio,2.016587688185311,0.1582030279448025,0.46797762112894575,0.40950493004498323,0.058472691083962525,0.058472691083962525
Cz_beta_abs_std,frequency_band,2.0123855076916404,0.15863352119480165,716.9968350497627,4427.91515991428,-3710.9183248645168,3710.9183248645168
F4_alpha_rel_mean,frequency_band,1.999821496672057,0.15992870790220984,0.10002428763787889,0.09015556787256807,0.009868719765310827,0.009868719765310827
T7_theta_abs_std,frequency_band,1.9900801838347872,0.1609412966606556,3496.9474905282414,5710.704132524089,-2213.7566419958475,2213.7566419958475
O2_psd_4hz_mean,psd_bin,1.9843935503591303,0.16153582519039184,2026.0644973600586,2674.739532486365,-648.6750351263065,648.6750351263065
T7_psd_24hz_mean,psd_bin,1.9788859235801384,0.1621140542580933,65.05116106131817,52.581640951916874,12.469520109401294,12.469520109401294
Fp1_psd_2hz_mean,psd_bin,1.9517333104890184,0.1649998815118045,12517.049079147233,16779.727558661198,-4262.678479513965,4262.678479513965
Fp1_alpha_rel_mean,frequency_band,1.9363424993578355,0.16666199124116787,0.07560027374427548,0.06854095236475186,0.007059321379523628,0.007059321379523628
P8_std_mean,time_domain,1.922485568833883,0.1681750481157849,125.57151747497572,144.22128257850196,-18.649765103526235,18.649765103526235
P8_rms_mean,time_domain,1.922485568833883,0.1681750481157849,125.57151747497572,144.22128257850196,-18.649765103526235,18.649765103526235
Cz_psd_20hz_std,psd_bin,1.9198132678657385,0.1684686671884582,72.59711450038256,345.68078046837593,-273.0836659679934,273.0836659679934
C3_psd_24hz_mean,psd_bin,1.9184255018631926,0.16862138233316135,64.31398442864935,55.652396216496804,8.661588212152544,8.661588212152544
F8_hjorth_activity_mean,hjorth,1.9083370977748235,0.16973638633433782,35745.61067288671,48014.66361523742,-12269.05294235071,12269.05294235071
P7_psd_6hz_std,psd_bin,1.9048091876282545,0.1701283191166735,876.4248857361243,1740.819705844657,-864.3948201085326,864.3948201085326
T8_zero_crossing_rate_std,time_domain,1.9031243028441809,0.17031587165632028,0.028640401221772013,0.02643058778236599,0.0022098134394060234,0.0022098134394060234
C4_theta_abs_std,frequency_band,1.9026521169324087,0.17036847595378782,3103.2686722000108,5453.907239941716,-2350.6385677417056,2350.6385677417056
F3_theta_abs_std,frequency_band,1.898017139169738,0.17088584220557929,3886.94179581407,6411.351558640287,-2524.4097628262175,2524.4097628262175
T8_theta_rel_mean,frequency_band,1.8961730752375991,0.17109218765338613,0.14970405033794937,0.13830889936442928,0.01139515097352009,0.01139515097352009
T8_psd_6hz_std,psd_bin,1.8938947797266388,0.17134752204550976,739.8946982875051,1428.6051103625584,-688.7104120750533,688.7104120750533
Cz_psd_28hz_std,psd_bin,1.8928817979056163,0.17146119161441314,35.60811748306381,175.07738874296987,-139.46927125990607,139.46927125990607
frontal_std_mean,region,1.875716004170456,0.17340080187699108,170.444222570578,184.68839298201388,-14.244170411435874,14.244170411435874
Pz_line_length_std,time_domain,1.8756288751144867,0.1734107116954903,2183.545320360392,2751.4873318806203,-567.9420115202283,567.9420115202283
P3_psd_20hz_std,psd_bin,1.8743175644218695,0.1735599361551858,91.00689990979726,313.84257029795964,-222.83567038816238,222.83567038816238
C3_psd_4hz_mean,psd_bin,1.8605776666668175,0.1751325282765208,2293.2547074974514,3098.6636588515253,-805.4089513540739,805.4089513540739
P4_psd_4hz_std,psd_bin,1.8515189891834267,0.1761784115918256,2054.286242633291,3091.9589422721406,-1037.6726996388497,1037.6726996388497
T7_psd_8hz_mean,psd_bin,1.8449329384372912,0.17694338569230225,482.8734632592327,637.3193349666055,-154.44587170737282,154.44587170737282
F8_theta_rel_mean,frequency_band,1.8396211339184174,0.1775631782590686,0.1555249660547909,0.14656866026438306,0.008956305790407848,0.008956305790407848
P3_psd_26hz_std,psd_bin,1.8326703900454255,0.17837803614250175,44.3201120278797,145.46813170214452,-101.14801967426482,101.14801967426482
F8_delta_abs_mean,frequency_band,1.8296440372195464,0.1787341887722002,25269.802044923777,34859.31223526623,-9589.510190342455,9589.510190342455
P3_psd_18hz_std,psd_bin,1.8285836877310433,0.178859171104478,111.93817093959109,313.588326298035,-201.6501553584439,201.6501553584439
O2_delta_abs_std,frequency_band,1.8236327789340874,0.17944408258123754,22923.855134493326,37088.57599668073,-14164.720862187405,14164.720862187405
Fp2_psd_16hz_mean,psd_bin,1.814118821038791,0.18057436998133242,270.6352253687995,334.34203634738407,-63.70681097858454,63.70681097858454
F7_theta_abs_std,frequency_band,1.812123779293276,0.18081244164139382,4346.58057268303,6627.29880616246,-2280.7182334794297,2280.7182334794297
T8_psd_6hz_mean,psd_bin,1.8101929971620971,0.18104319475509562,647.0845605331975,851.2606417953438,-204.17608126214623,204.17608126214623
F3_line_length_std,time_domain,1.8092285268193056,0.18115859029122094,2333.505037859255,2920.0681071986937,-586.5630693394387,586.5630693394387
P3_alpha_abs_std,frequency_band,1.7968603840249495,0.18264605263350223,1461.4390330881813,2986.2504113483096,-1524.8113782601283,1524.8113782601283
Fp2_theta_alpha_ratio_std,band_ratio,1.796660788665861,0.18267017408477804,2.1598455268800967,1.896422458859527,0.2634230680205696,0.2634230680205696
Cz_psd_8hz_std,psd_bin,1.782944315564705,0.18433681326128915,741.7461842932482,1500.2629087178352,-758.516724424587,758.516724424587
P4_psd_14hz_mean,psd_bin,1.7755178558775346,0.18524661374801968,180.70260180730838,221.69230242918263,-40.98970062187425,40.98970062187425
P3_line_length_std,time_domain,1.7744447139464556,0.18537851743539482,2425.33416759701,3639.9258457266155,-1214.5916781296055,1214.5916781296055
O2_delta_rel_std,frequency_band,1.75074601309705,0.18831972171047187,0.12374266747613166,0.13108835589622927,-0.0073456884200976125,0.0073456884200976125
C3_theta_abs_mean,frequency_band,1.7435632761826227,0.1892219699790394,4691.017770190218,5711.861748088261,-1020.8439778980437,1020.8439778980437
T7_beta_alpha_ratio_std,band_ratio,1.7212092635796203,0.1920626907991274,0.5812932707241947,0.48324291044224554,0.09805036028194913,0.09805036028194913
Cz_theta_rel_mean,frequency_band,1.718882810543553,0.19236121267749468,0.2169059523819771,0.20287436351382226,0.014031588868154837,0.014031588868154837
C4_alpha_rel_mean,frequency_band,1.7066683263795874,0.19393754680880754,0.14135641010587974,0.1232823756624402,0.018074034443439538,0.018074034443439538
Fz_psd_30hz_mean,psd_bin,1.7046726617961463,0.19419654399629022,36.921632271251546,26.374470105320633,10.547162165930914,10.547162165930914
T7_T8_std_mean_diff,asymmetry,1.70371447349288,0.19432104282444068,-7.773879681505445,11.738651137613015,-19.51253081911846,19.51253081911846
occipital_theta_rel_mean,region,1.688346356505223,0.19633079936581685,0.1765126035982415,0.1669481707038014,0.00956443289444009,0.00956443289444009
T8_delta_rel_std,frequency_band,1.6880562901405554,0.19636896845020183,0.15108925463599857,0.14292965615717698,0.008159598478821584,0.008159598478821584
Cz_hjorth_mobility_std,hjorth,1.6875745983183237,0.19643237244185816,0.05070609863092002,0.0566025944473229,-0.0058964958164028775,0.0058964958164028775
P7_psd_26hz_std,psd_bin,1.6827498953518596,0.19706877617874546,61.40016346745116,94.50431132706444,-33.104147859613285,33.104147859613285
P4_psd_8hz_mean,psd_bin,1.6813477322738433,0.19725418660881583,693.8940615793854,928.4932154057866,-234.59915382640122,234.59915382640122
O2_theta_alpha_ratio_mean,band_ratio,1.6781056012003421,0.1976836911109598,2.02276375578788,2.2014280493802523,-0.17866429359237213,0.17866429359237213
Pz_zero_crossing_rate_std,time_domain,1.6702519932147506,0.19872870837180143,0.01858444621053583,0.017345221608998578,0.0012392246015372511,0.0012392246015372511
P4_alpha_rel_mean,frequency_band,1.6699814961219706,0.19876481779826674,0.12623204994083603,0.11293962955879594,0.013292420382040093,0.013292420382040093
F8_line_length_mean,time_domain,1.6657291975892385,0.1993334933536856,20080.40433675662,19007.638838686107,1072.765498070512,1072.765498070512
F3_theta_abs_mean,frequency_band,1.6645331353304686,0.19949379485898527,4755.7744325417225,5837.693354107969,-1081.9189215662464,1081.9189215662464
F3_F4_alpha_rel_mean_diff,asymmetry,1.6636420071464217,0.19961332721674155,0.0036243612427389123,-0.00321389096249737,0.006838252205236282,0.006838252205236282
F7_F8_alpha_rel_mean_diff,asymmetry,1.6601158019319906,0.20008715272228994,0.0032067194618152716,-0.0033987554373799325,0.0066054748991952045,0.0066054748991952045
T7_T8_alpha_rel_mean_diff,asymmetry,1.6579694538917262,0.20037621692635202,0.010506452506616151,-0.00027409086668128517,0.010780543373297436,0.010780543373297436
Fp1_delta_abs_std,frequency_band,1.6553597187513593,0.2007283571881627,45498.284522083464,58948.18809506248,-13449.90357297902,13449.90357297902
Fz_psd_22hz_mean,psd_bin,1.6496315919355253,0.20150385353222047,138.54794273953573,88.7952505984136,49.752692141122125,49.752692141122125
Cz_psd_18hz_std,psd_bin,1.6479436216901677,0.20173305644118183,96.5719388508304,310.8924673855803,-214.32052853474988,214.32052853474988
Fp1_std_std,time_domain,1.6461821939402994,0.20197256439604525,78.09754271305204,91.11220443425474,-13.0146617212027,13.0146617212027
Fp1_rms_std,time_domain,1.6461821939402994,0.20197256439604525,78.09754271305204,91.11220443425474,-13.0146617212027,13.0146617212027
T8_theta_alpha_ratio_mean,band_ratio,1.64460363821347,0.20218749387750018,2.330568273937995,2.566759861766463,-0.23619158782846794,0.23619158782846794
P8_psd_6hz_std,psd_bin,1.6322385524098888,0.20388051891534706,735.879488300628,1416.6335013449034,-680.7540130442753,680.7540130442753
P3_psd_8hz_std,psd_bin,1.629944210348808,0.20419651307509365,738.9149474746463,1617.6624891659983,-878.747541691352,878.747541691352
P3_psd_12hz_std,psd_bin,1.6289462847355909,0.20433413696859165,256.0527392428056,434.4531686628478,-178.4004294200422,178.4004294200422
Cz_line_length_std,time_domain,1.6277992919042985,0.2044924552308646,2153.837268466285,3248.2930899977787,-1094.4558215314937,1094.4558215314937
Cz_psd_14hz_std,psd_bin,1.6242922210968262,0.20497744014579472,145.0179592521112,297.28139760146394,-152.26343834935273,152.26343834935273
T7_line_length_mean,time_domain,1.6210850145805726,0.20542215803292696,18763.20135644105,17677.327909511107,1085.8734469299452,1085.8734469299452
P7_psd_8hz_std,psd_bin,1.6209475872810002,0.2054412396729684,445.1473577710481,937.0850540295426,-491.93769625849444,491.93769625849444
C4_mean_mean,time_domain,1.6191056643231292,0.20569719290225522,-6.87852096281188e-17,3.419208525060019e-17,-1.0297729487871899e-16,1.0297729487871899e-16
F4_delta_abs_std,frequency_band,1.617452500743369,0.20592724005551089,25759.699908342885,38076.179310790794,-12316.479402447909,12316.479402447909
F7_psd_4hz_std,psd_bin,1.6173558867262285,0.2059406939360563,3086.312673389888,4325.65709871915,-1239.3444253292619,1239.3444253292619
Fp1_psd_2hz_std,psd_bin,1.6157454672084999,0.20616510564010188,17304.189034304258,21974.086937558815,-4669.897903254558,4669.897903254558
F8_psd_6hz_mean,psd_bin,1.5976864615640576,0.20870172415042737,835.1791330170888,1064.101041746983,-228.92190872989408,228.92190872989408
O1_O2_hjorth_mobility_mean_diff,asymmetry,1.593274463807176,0.20932710314402878,-0.0031938819144380313,-0.03315976345382178,0.02996588153938375,0.02996588153938375
Cz_psd_2hz_mean,psd_bin,1.591218268280783,0.20961932426917285,5727.910766337386,7964.662608760828,-2236.751842423442,2236.751842423442
F4_delta_abs_mean,frequency_band,1.5797140554861409,0.21126330932623208,19791.123606657038,27618.005989664995,-7826.882383007956,7826.882383007956
F7_psd_14hz_mean,psd_bin,1.5701736264988373,0.2126383896820776,147.31021626534408,186.26644976488987,-38.95623349954579,38.95623349954579
T8_std_mean,time_domain,1.569748999496754,0.21269984100236802,146.57353756917587,163.11169109901002,-16.538153529834148,16.538153529834148
T8_rms_mean,time_domain,1.569748999496754,0.21269984100236802,146.57353756917587,163.11169109901002,-16.538153529834148,16.538153529834148
O2_beta_alpha_ratio_std,band_ratio,1.5692247920146551,0.21277573282577392,0.6944899096586444,0.5836768050956445,0.11081310456299998,0.11081310456299998
C3_gamma_abs_mean,frequency_band,1.555227803624175,0.21481420869937387,181.59807426278806,148.59499729653862,33.00307696624944,33.00307696624944
P3_psd_28hz_std,psd_bin,1.5441303265455018,0.2164470997651826,45.828424006591284,197.28022007754547,-151.45179607095417,151.45179607095417
P8_zero_crossing_rate_std,time_domain,1.543229001831992,0.21658037560024093,0.028464339797911704,0.026408198775256606,0.0020561410226550975,0.0020561410226550975
Cz_psd_24hz_std,psd_bin,1.5425559682879826,0.21667995918606692,57.570792232702814,236.8720876379514,-179.3012954052486,179.3012954052486
P4_beta_alpha_ratio_mean,band_ratio,1.5416796765518042,0.216809699900184,0.8970136888425563,0.8205015735215423,0.07651211532101398,0.07651211532101398
T8_hjorth_activity_mean,hjorth,1.539390387570892,0.21714908549270606,32566.14413966048,44006.007879158155,-11439.863739497676,11439.863739497676
P4_theta_alpha_ratio_std,band_ratio,1.524437361929646,0.21938166920255475,1.098806473396297,1.219597108996728,-0.1207906356004309,0.1207906356004309
Fp1_hjorth_activity_std,hjorth,1.5163004357789394,0.22060819081689292,51018.02281009265,66469.01024087069,-15450.987430778041,15450.987430778041
P3_psd_14hz_std,psd_bin,1.511593880080708,0.22132141313489695,200.42701115206845,445.767184045977,-245.34017289390854,245.34017289390854
Cz_psd_16hz_std,psd_bin,1.5055713315263013,0.22223812538003107,128.22985256781234,1099.115662819558,-970.8858102517457,970.8858102517457
F7_beta_alpha_ratio_std,band_ratio,1.5023929538784935,0.22272376686477924,0.6867261392973669,0.5657180940039975,0.12100804529336939,0.12100804529336939
P3_beta_abs_std,frequency_band,1.5018541208252452,0.22280622523882093,1068.168661565215,5853.105212401796,-4784.936550836581,4784.936550836581
O2_beta_rel_std,frequency_band,1.4971153530453107,0.22353299819937283,0.04959313653843819,0.04543376287291439,0.004159373665523804,0.004159373665523804
Fz_psd_4hz_mean,psd_bin,1.4936823780749635,0.22406129729701035,2692.8844518536057,3247.812043469762,-554.9275916161564,554.9275916161564
Fz_psd_24hz_std,psd_bin,1.4861099013956673,0.2252319780582706,88.72402638632272,51.59012229777481,37.13390408854791,37.13390408854791
Cz_gamma_abs_std,frequency_band,1.4697727426144045,0.22778300791855102,164.94242815905054,602.4281239747936,-437.48569581574304,437.48569581574304
P8_ptp_mean,time_domain,1.4603800196714776,0.2292655554939634,840.3150833169525,957.5605799573175,-117.24549664036499,117.24549664036499
Fz_gamma_abs_mean,frequency_band,1.4574297617793264,0.22973364335570576,234.85880103226003,145.68266104431436,89.17613998794567,89.17613998794567
F3_psd_28hz_mean,psd_bin,1.4553119594458355,0.2300703707237076,47.74952074365171,38.37179178407476,9.377728959576949,9.377728959576949
F4_theta_rel_mean,frequency_band,1.4547858693820621,0.23015411134625732,0.19319066257523676,0.18272149487691894,0.010469167698317822,0.010469167698317822
T8_psd_24hz_mean,psd_bin,1.4534382143068052,0.23036879421805467,103.51767619493799,82.53285972368614,20.984816471251847,20.984816471251847
C4_psd_2hz_mean,psd_bin,1.4502583926791093,0.23087631002990686,6517.945690616565,8908.204088275925,-2390.2583976593596,2390.2583976593596
Fz_beta_alpha_ratio_std,band_ratio,1.447379580768746,0.23133695781043592,0.40808059110966977,0.35673755671498686,0.05134303439468291,0.05134303439468291
Cz_psd_4hz_std,psd_bin,1.4433497648077198,0.2319836635268459,2004.2375779485028,2816.5406519666544,-812.3030740181516,812.3030740181516
O1_zero_crossing_rate_std,time_domain,1.441082207669807,0.23234853029437857,0.02310336657431713,0.0215302205854872,0.0015731459888299291,0.0015731459888299291
Fz_psd_28hz_mean,psd_bin,1.4381996691525976,0.23281336272486158,64.48960260960978,36.53139856861795,27.958204040991824,27.958204040991824
F8_mean_std,time_domain,1.4358211984122367,0.23319776445145585,2.8275012541668355e-15,3.148281956952747e-15,-3.207807027859115e-16,3.207807027859115e-16
C3_C4_theta_rel_mean_diff,asymmetry,1.4332431104361218,0.23361530272277747,0.014952681435304776,0.004850512262549937,0.01010216917275484,0.01010216917275484
P3_psd_16hz_mean,psd_bin,1.4272336875406786,0.23459211654256906,188.31152691728087,461.3575038513534,-273.04597693407254,273.04597693407254
Pz_theta_abs_std,frequency_band,1.4254902787056472,0.23487643548200485,3278.4387041444406,4999.71702681634,-1721.2783226718993,1721.2783226718993
C3_skew_std,time_domain,1.4253560050636858,0.23489835057834205,0.4559463112910508,0.5111139127766567,-0.055167601485605955,0.055167601485605955
P8_skew_std,time_domain,1.423120681323717,0.23526354998867904,0.5461173836497079,0.6173937209249404,-0.07127633727523253,0.07127633727523253
F4_hjorth_activity_mean,hjorth,1.4228877327235778,0.235301648231595,32227.119617566088,41428.07414396669,-9200.954526400601,9200.954526400601
P7_line_length_mean,time_domain,1.418385127779227,0.23603952360432093,20119.696430205015,21375.20950337949,-1255.5130731744757,1255.5130731744757
Pz_delta_rel_std,frequency_band,1.4166226718561394,0.23632912078478951,0.11844084707658188,0.12418285187976062,-0.005742004803178741,0.005742004803178741
O1_theta_abs_std,frequency_band,1.4164237345834667,0.23636183636846744,4044.2255826008163,6269.7896134824005,-2225.564030881584,2225.564030881584
P8_psd_18hz_std,psd_bin,1.4128036470913754,0.2369581351803564,118.78001548739545,295.29152228098275,-176.5115067935873,176.5115067935873
Fz_psd_26hz_mean,psd_bin,1.4067753937196916,0.2379551980600101,69.32511589443396,47.30010943834347,22.025006456090495,22.025006456090495
O1_theta_rel_mean,frequency_band,1.399382754356449,0.23918495477651816,0.1825697689535772,0.17172283276516995,0.010846936188407263,0.010846936188407263
Cz_alpha_abs_std,frequency_band,1.399181581525469,0.23921852839861507,1403.264729037834,2557.3825606261307,-1154.1178315882967,1154.1178315882967
T7_psd_22hz_mean,psd_bin,1.398509611159991,0.23933071506525336,82.80709710406529,67.58778778532577,15.21930931873952,15.21930931873952
P7_alpha_abs_std,frequency_band,1.3932239842999694,0.2402154144462408,931.8023512489899,1806.019100121374,-874.2167488723842,874.2167488723842
O2_kurtosis_std,time_domain,1.3922208145776567,0.2403837761931973,2.320315584714413,1.8156765030545954,0.5046390816598174,0.5046390816598174
T8_delta_abs_mean,frequency_band,1.3912534927666371,0.24054625880918637,23179.171117665337,32248.677129889336,-9069.506012224,9069.506012224
C3_alpha_rel_std,frequency_band,1.3835836808295423,0.24183935631328013,0.060750149065718746,0.05450716515144536,0.006242983914273387,0.006242983914273387
Fp1_hjorth_complexity_std,hjorth,1.383171592443125,0.24190907415298585,0.6047757142204997,0.6646223774141132,-0.059846663193613536,0.059846663193613536
F7_gamma_abs_mean,frequency_band,1.3803724387359693,0.2423832944737094,273.2860530576481,222.88361461296796,50.402438444680115,50.402438444680115
O1_delta_rel_std,frequency_band,1.3755949484564605,0.24319532000459015,0.11960908771526824,0.1263121988898253,-0.006703111174557075,0.006703111174557075
Fz_ptp_std,time_domain,1.3702074966690903,0.24411504074408566,453.92622087298395,545.7394935506062,-91.81327267762225,91.81327267762225
P8_alpha_rel_mean,frequency_band,1.3690390736879017,0.24431507337470265,0.09259398175378586,0.08219174682911602,0.010402234924669837,0.010402234924669837
O1_psd_14hz_mean,psd_bin,1.361897089200215,0.2455421732158138,266.113093136398,319.8548845032463,-53.741791366848304,53.741791366848304
F8_alpha_rel_mean,frequency_band,1.36161974951186,0.2455899774022736,0.07725412221982532,0.07098529984285482,0.006268822376970504,0.006268822376970504
F8_zero_crossing_rate_std,time_domain,1.3534015698965074,0.2470117457269699,0.024437273560650688,0.023333634432661378,0.0011036391279893101,0.0011036391279893101
F3_psd_4hz_std,psd_bin,1.3514346381715794,0.24735353625045411,2801.9464371219137,4082.03610294938,-1280.0896658274664,1280.0896658274664
Fz_psd_12hz_mean,psd_bin,1.3500419988211017,0.24759588619882575,301.8457175960058,256.97096632300617,44.87475127299962,44.87475127299962
F8_hjorth_activity_std,hjorth,1.347350011717522,0.24806518355986698,41353.38007109674,56934.988926093996,-15581.608854997256,15581.608854997256
F3_F4_theta_beta_ratio_mean_diff,asymmetry,1.339906635138007,0.24936853268060957,0.4638294510225163,0.8094945938548374,-0.345665142832321,0.345665142832321
F3_gamma_abs_mean,frequency_band,1.3389978448874706,0.2495282432340505,175.30306075837532,147.69188124112011,27.61117951725521,27.61117951725521
T8_ptp_mean,time_domain,1.3287654004726301,0.2513352615370043,986.429085351763,1097.4618890523013,-111.03280370053835,111.03280370053835
T7_psd_8hz_std,psd_bin,1.3161917873462707,0.25357799671832437,494.5400549980984,911.9992294993899,-417.4591745012915,417.4591745012915
C3_C4_alpha_rel_mean_diff,asymmetry,1.3117893877219526,0.2543691145633952,0.005679728579886237,-0.004221401459176421,0.009901130039062659,0.009901130039062659
P3_psd_16hz_std,psd_bin,1.3087759269593948,0.25491240713819807,182.9852466139532,1631.3140783620472,-1448.328831748094,1448.328831748094
C3_C4_hjorth_mobility_mean_diff,asymmetry,1.3062048047916317,0.25537709242646295,-0.0045770881984708595,-0.016924695352454347,0.012347607153983487,0.012347607153983487
Pz_psd_24hz_mean,psd_bin,1.3054389622096547,0.25551570871419166,61.07365160041226,54.04741884631236,7.026232754099901,7.026232754099901
P8_theta_abs_std,frequency_band,1.2985231907826122,0.2567717035554994,2873.3800543228363,4972.479678376873,-2099.099624054037,2099.099624054037
P3_psd_14hz_mean,psd_bin,1.2982790821531827,0.2568161772032225,201.7997009307689,255.68184840070722,-53.88214746993833,53.88214746993833
T7_psd_12hz_std,psd_bin,1.2749921988942383,0.2611033106657861,171.6110089588135,271.2343219206953,-99.62331296188182,99.62331296188182
T8_theta_abs_std,frequency_band,1.273254652801896,0.26142676576163615,3239.606023870945,5195.042307467067,-1955.436283596122,1955.436283596122
P4_beta_rel_std,frequency_band,1.2723372990667168,0.2615977391047791,0.032564241751673356,0.03011332109231081,0.002450920659362546,0.002450920659362546
P7_psd_20hz_std,psd_bin,1.2688537225313337,0.26224827256243843,95.72280024971275,178.78720140256206,-83.06440115284931,83.06440115284931
C4_delta_abs_std,frequency_band,1.2671078801542508,0.2625750581954508,26735.675751510335,38240.23602463856,-11504.560273128223,11504.560273128223
C4_ptp_std,time_domain,1.2658328257688798,0.2628140443220469,441.1650650191609,526.146536667812,-84.98147164865111,84.98147164865111
Cz_psd_16hz_mean,psd_bin,1.2633882855202512,0.2632729921639822,154.01571638914686,308.2728275409451,-154.25711115179826,154.25711115179826
P4_ptp_std,time_domain,1.2614414815535968,0.26363921161391907,391.7685032718639,473.5309178326835,-81.7624145608196,81.7624145608196
P7_psd_26hz_mean,psd_bin,1.2548852752017212,0.2648772278273432,69.73296210619796,82.56538681417473,-12.83242470797677,12.83242470797677
Fp2_beta_rel_std,frequency_band,1.25309726723633,0.26521612477272755,0.05653795049165293,0.05145434217353128,0.00508360831812165,0.00508360831812165
P3_psd_30hz_std,psd_bin,1.2530290821274044,0.26522905927021156,34.46010337001448,123.6671370284755,-89.20703365846101,89.20703365846101
P7_kurtosis_std,time_domain,1.2521415957682027,0.2653974848645551,2.85802496126915,2.1965841690816323,0.6614407921875176,0.6614407921875176
O2_theta_rel_mean,frequency_band,1.251870655082825,0.26544893026575506,0.17045543824290574,0.1621735086424329,0.008281929600472832,0.008281929600472832
P4_psd_8hz_std,psd_bin,1.2508641705566181,0.2656401482191292,587.8822944937446,1235.1909550867028,-647.3086605929583,647.3086605929583
T8_theta_alpha_ratio_std,band_ratio,1.2481493750191053,0.26615678476603016,1.3896010606838811,1.5666520268756134,-0.17705096619173233,0.17705096619173233
P3_gamma_abs_std,frequency_band,1.242750060289253,0.26718805495543113,174.8090103757151,573.828022991409,-399.01901261569384,399.01901261569384
Fp2_hjorth_complexity_mean,hjorth,1.2356864043513418,0.2685448161556459,2.8620144103397442,2.9901791853954336,-0.12816477505568935,0.12816477505568935
T7_psd_6hz_std,psd_bin,1.2348840349331953,0.2686994803766005,1047.6367733357629,1698.2159405995328,-650.5791672637699,650.5791672637699
F8_theta_beta_ratio_std,band_ratio,1.2315678607304394,0.26933989557871346,1.5550996042779228,1.8288069610943276,-0.2737073568164048,0.2737073568164048
T8_hjorth_activity_std,hjorth,1.231488148853302,0.2693553130900206,39080.00341114238,54596.24084756324,-15516.237436420859,15516.237436420859
P7_beta_alpha_ratio_mean,band_ratio,1.2296608177497736,0.2697090524659227,1.8676971237964912,1.6726774663311959,0.19501965746529537,0.19501965746529537
F4_skew_std,time_domain,1.2270206870380522,0.27022117078254093,0.48275366928156693,0.5409711208660276,-0.05821745158446068,0.05821745158446068
T8_theta_abs_mean,frequency_band,1.2255275454377035,0.27051134534747184,3018.1039339328026,3717.262456119231,-699.1585221864284,699.1585221864284
F8_delta_abs_std,frequency_band,1.2193547882558966,0.2717151301433575,38085.739736538526,49756.68542254901,-11670.945686010484,11670.945686010484
P3_psd_20hz_mean,psd_bin,1.219265716517084,0.2717325499880918,109.63103708478971,152.10618424730413,-42.47514716251442,42.47514716251442
Cz_psd_30hz_std,psd_bin,1.2172353417430293,0.27213001522546393,36.26051114323642,88.85672506496998,-52.59621392173356,52.59621392173356
Cz_psd_10hz_mean,psd_bin,1.215375839396575,0.272494675274767,834.2831281750356,680.8161465285488,153.46698164648683,153.46698164648683
T7_psd_12hz_mean,psd_bin,1.2152159695729112,0.2725260555732452,163.07713881221048,194.13436026793582,-31.05722145572534,31.05722145572534
P7_psd_10hz_std,psd_bin,1.2133917918353647,0.27288444084334834,290.7014349159782,427.1183145474827,-136.41687963150451,136.41687963150451
F7_psd_30hz_mean,psd_bin,1.2132645242399374,0.2729094665771448,45.50717522605832,38.23459500104918,7.272580225009143,7.272580225009143
O1_beta_rel_std,frequency_band,1.21142420155899,0.27327166989301666,0.044881661294234605,0.040874928529341166,0.004006732764893439,0.004006732764893439
Fp1_line_length_mean,time_domain,1.2060072305072245,0.2743413477290557,24595.105511253885,23298.53103535407,1296.5744758998153,1296.5744758998153
F8_std_mean,time_domain,1.2029355288569532,0.27495026598308425,158.8554115500234,173.6629430783423,-14.80753152831889,14.80753152831889
F8_rms_mean,time_domain,1.2029355288569532,0.27495026598308425,158.8554115500234,173.6629430783423,-14.80753152831889,14.80753152831889
P8_psd_20hz_std,psd_bin,1.1982076771864798,0.27589084154773935,100.67360827348216,259.12866355934386,-158.4550552858617,158.4550552858617
Fp1_ptp_std,time_domain,1.1966631402631078,0.2761990010672359,632.2260765194216,712.6248198190949,-80.39874329967336,80.39874329967336
F3_psd_30hz_mean,psd_bin,1.1908175315809646,0.27736925444915855,31.272364417356307,27.068533833041514,4.203830584314794,4.203830584314794
P4_psd_16hz_std,psd_bin,1.190816548363345,0.2773694518119387,128.910248618886,335.37703426278347,-206.46678564389748,206.46678564389748
P3_mean_mean,time_domain,1.190778903814443,0.27737700839421886,6.728090065944427e-17,-3.9265147769429834e-17,1.065460484288741e-16,1.065460484288741e-16
F3_psd_24hz_std,psd_bin,1.1906673295277406,0.27739940680571185,68.00074169685455,53.293734342377384,14.707007354477163,14.707007354477163
P4_psd_14hz_std,psd_bin,1.1897947734842798,0.277574650694816,153.10066241322588,239.5944382659439,-86.49377585271802,86.49377585271802
Fp2_beta_alpha_ratio_std,band_ratio,1.188456678092142,0.2778436666507843,0.7797326130068974,0.6763317707106785,0.10340084229621893,0.10340084229621893
Fp2_hjorth_mobility_mean,hjorth,1.1838790944808963,0.2787664712690514,0.3849261225235205,0.3640994516572315,0.020826670866288977,0.020826670866288977
P3_P4_beta_rel_mean_diff,asymmetry,1.1792484929665992,0.27970393316905556,0.005850979417890806,-0.0010800966128634135,0.00693107603075422,0.00693107603075422
C3_line_length_std,time_domain,1.174047707706653,0.2807616182825836,2315.834581192401,2717.003783227591,-401.1692020351902,401.1692020351902
C4_kurtosis_mean,time_domain,1.1739550060373192,0.28078051721717995,1.0371553651268532,1.4152003415745869,-0.3780449764477336,0.3780449764477336
F7_psd_8hz_mean,psd_bin,1.166558334116781,0.2822937058111386,552.1032645579899,666.2339542320055,-114.13068967401568,114.13068967401568
T7_alpha_abs_std,frequency_band,1.1556358451107365,0.2845472823364335,1044.6805246575357,1763.3997079010849,-718.7191832435492,718.7191832435492
F3_mean_mean,time_domain,1.152374724689277,0.28522458597654315,-2.6156795350548685e-17,6.537146393427739e-17,-9.152825928482607e-17,9.152825928482607e-17
P8_psd_14hz_mean,psd_bin,1.1443779027994774,0.28689420649944336,143.01347661065057,175.95298083999526,-32.93950422934469,32.93950422934469
P7_skew_std,time_domain,1.1440944082676197,0.28695362556174075,0.5095432005413628,0.5636193112947965,-0.05407611075343366,0.05407611075343366
P3_psd_18hz_mean,psd_bin,1.1357811612258186,0.28870308111353976,128.859825275844,171.82983425982383,-42.970008983979824,42.970008983979824
F7_F8_theta_beta_ratio_mean_diff,asymmetry,1.1293615995664947,0.2900634056495937,0.16918083515402446,0.4664849368808031,-0.2973041017267787,0.2973041017267787
Fp2_kurtosis_std,time_domain,1.1277345646788377,0.29040948731054234,3.5395878681685615,2.923054765640317,0.6165331025282446,0.6165331025282446
Fp1_std_mean,time_domain,1.123802357997073,0.2912480910598566,194.8988871779897,211.00719432272516,-16.10830714473545,16.10830714473545
Fp1_rms_mean,time_domain,1.123802357997073,0.2912480910598566,194.8988871779897,211.00719432272516,-16.10830714473545,16.10830714473545
T8_kurtosis_std,time_domain,1.1227898359218589,0.2914645314714916,3.2686260396462727,2.690174968266787,0.5784510713794857,0.5784510713794857
P4_psd_18hz_std,psd_bin,1.1206158066619545,0.29192996017557443,95.85878208363495,247.44537186241232,-151.58658977877735,151.58658977877735
P7_psd_22hz_mean,psd_bin,1.1205548070246976,0.29194303313114883,96.89298164445572,114.72163927541692,-17.828657630961203,17.828657630961203
P8_psd_6hz_mean,psd_bin,1.118880278953185,0.29230219936079194,580.3668015160555,776.0259308689826,-195.65912935292715,195.65912935292715
P4_psd_16hz_mean,psd_bin,1.1188540884797085,0.2923078214248547,158.24836229984032,202.26550621589578,-44.01714391605546,44.01714391605546
F7_mean_mean,time_domain,1.112900286435884,0.29358949482471197,1.1866188525290783e-17,-9.378278159980962e-17,1.056489701251004e-16,1.056489701251004e-16
O1_alpha_abs_std,frequency_band,1.1073193286191225,0.29479749791641535,1469.6611193814595,2297.13504041363,-827.4739210321707,827.4739210321707
P7_psd_10hz_mean,psd_bin,1.106692752427378,0.29493352137215245,306.6264971402962,363.43990523851875,-56.81340809822257,56.81340809822257
F7_F8_std_mean_diff,asymmetry,1.105118520307384,0.29527562953118003,-4.467521281239917,11.858529794421319,-16.326051075661237,16.326051075661237
C4_psd_10hz_mean,psd_bin,1.1041769733637903,0.29548048928221754,900.5758074278837,722.283510902974,178.29229652490972,178.29229652490972
P4_psd_2hz_std,psd_bin,1.1020767653301757,0.29593811055552616,8285.987071329824,11579.022351603322,-3293.035280273498,3293.035280273498
Fp1_beta_rel_mean,frequency_band,1.102028450559213,0.29594864880198607,0.0996805010400041,0.08916342075055565,0.01051708028944845,0.01051708028944845
P3_beta_abs_mean,frequency_band,1.1015779037006364,0.2960469438563512,1828.8933769429661,2730.712280825485,-901.8189038825187,901.8189038825187
C3_beta_rel_std,frequency_band,1.098650902278761,0.29668655250107207,0.02847365940531385,0.026246065109069246,0.0022275942962446046,0.0022275942962446046
F8_theta_alpha_ratio_std,band_ratio,1.0875029611678784,0.2991390544484993,1.609968861494926,1.7941281935802451,-0.1841593320853192,0.1841593320853192
F3_psd_6hz_std,psd_bin,1.0868563092821306,0.2992821204943898,1342.6614234802294,1983.4803934750053,-640.8189699947759,640.8189699947759
F7_psd_6hz_std,psd_bin,1.0859043744907153,0.29949288932281226,1302.459992667022,1950.016201934452,-647.55620926743,647.55620926743
Fp2_hjorth_complexity_std,hjorth,1.082434969991741,0.3002626866759157,0.6169854400108659,0.6721523377431987,-0.055166897732332854,0.055166897732332854
Fp2_hjorth_mobility_std,hjorth,1.0801656488672071,0.3007675983037967,0.08934818072131692,0.0841363242993389,0.005211856421978023,0.005211856421978023
P8_psd_28hz_std,psd_bin,1.0800416547933238,0.30079521809188975,70.95678517425884,155.2865746105123,-84.32978943625346,84.32978943625346
C4_skew_std,time_domain,1.0785588787551896,0.30112576335515406,0.5005033569204214,0.5619954228526052,-0.061492065932183815,0.061492065932183815
O1_psd_6hz_std,psd_bin,1.077443590922018,0.3013746982216762,1250.0006566006837,1929.7007808426579,-679.7001242419742,679.7001242419742
Fz_beta_rel_std,frequency_band,1.0770756498927998,0.30145688223214284,0.033433485419089456,0.03056031487581267,0.002873170543276786,0.002873170543276786
T8_kurtosis_mean,time_domain,1.0722451794010062,0.3025385346798419,1.687532845984718,1.9753813519742163,-0.2878485059894982,0.2878485059894982
Cz_ptp_mean,time_domain,1.0715533477717252,0.30269386491562894,934.7937955477505,1020.1752916033547,-85.3814960556042,85.3814960556042
Cz_psd_2hz_std,psd_bin,1.067810974636853,0.30353590695701804,7562.471616866978,10466.17246701602,-2903.700850149042,2903.700850149042
Pz_psd_4hz_std,psd_bin,1.0649529106685003,0.3041810346746568,2451.0545998121597,3214.450478033171,-763.3958782210111,763.3958782210111
O2_hjorth_activity_std,hjorth,1.0646842358158384,0.3042417723900118,29081.57254483599,44099.203904561866,-15017.631359725874,15017.631359725874
P8_psd_8hz_std,psd_bin,1.0642064132444424,0.30434982996907495,389.7792837497158,956.3942048243766,-566.6149210746609,566.6149210746609
F7_alpha_abs_mean,frequency_band,1.06259263844736,0.3047151487334848,1478.8514724001595,1720.9311106118996,-242.07963821174008,242.07963821174008
C3_theta_abs_std,frequency_band,1.0613696003024657,0.30499239563523983,3751.3098552401407,5396.394166105321,-1645.0843108651807,1645.0843108651807
Fz_alpha_rel_std,frequency_band,1.0595860289414003,0.3053972987411409,0.04440691996642062,0.041356196403219164,0.003050723563201456,0.003050723563201456
P3_psd_8hz_mean,psd_bin,1.0593077606514272,0.3054605339862077,838.840589614379,1092.2321159228336,-253.39152630845456,253.39152630845456
F8_psd_14hz_mean,psd_bin,1.055789116894031,0.30626160792420176,145.2405554744177,169.95197801024423,-24.71142253582653,24.71142253582653
O2_theta_abs_mean,frequency_band,1.055347418516869,0.30636236128840044,3914.591689814921,4733.67099307824,-819.0793032633187,819.0793032633187
P8_hjorth_activity_mean,hjorth,1.0535073268050568,0.3067825610085781,26686.516088594584,36174.83095707499,-9488.314868480407,9488.314868480407
C4_psd_8hz_std,psd_bin,1.0523592172664615,0.3070451229459486,665.067335234726,1241.6940503036321,-576.6267150689062,576.6267150689062
Pz_psd_8hz_mean,psd_bin,1.0523424009666364,0.3070489708606027,839.3260032666159,1012.218519159513,-172.8925158928971,172.8925158928971
P8_psd_16hz_mean,psd_bin,1.049438885316711,0.3077143019495971,135.05260314026887,175.3265340165344,-40.273930876265524,40.273930876265524
F4_psd_4hz_std,psd_bin,1.0463349302368754,0.30842765191601507,2450.6390073339608,3343.1809091950786,-892.5419018611178,892.5419018611178
F4_psd_30hz_mean,psd_bin,1.0431239012258322,0.3091678912137377,40.3515174195438,32.841839921721764,7.509677497822032,7.509677497822032
P8_psd_16hz_std,psd_bin,1.042782608789955,0.30924670629833984,134.27910124806448,313.8324898283878,-179.55338858032331,179.55338858032331
P8_beta_abs_std,frequency_band,1.0411705361308639,0.3096193405854004,1119.8722141455405,2585.770386131223,-1465.8981719856824,1465.8981719856824
P4_beta_abs_std,frequency_band,1.037366867422966,0.3105009050024318,778.9748044937957,2149.751086087824,-1370.7762815940287,1370.7762815940287
C3_C4_std_mean_diff,asymmetry,1.0317705726915738,0.31180394250297827,1.25706095034632,14.403114004518521,-13.146053054172201,13.146053054172201
F4_psd_12hz_mean,psd_bin,1.0263269949731757,0.3130783277534142,257.61192849629236,229.21465375260954,28.39727474368283,28.39727474368283
T8_psd_8hz_std,psd_bin,1.0249193597808894,0.31340898150952473,439.3124020072259,983.0455836651964,-543.7331816579706,543.7331816579706
T8_psd_8hz_mean,psd_bin,1.0184994433604404,0.31492286925374074,443.144341282692,568.4086405163655,-125.26429923367351,125.26429923367351
P4_psd_20hz_std,psd_bin,1.0162282843392856,0.31546074244473254,78.73027445834036,216.758784191757,-138.02850973341663,138.02850973341663
Cz_psd_22hz_std,psd_bin,1.0124957901750207,0.3163473371626134,65.70829271226363,136.66206273913946,-70.95377002687583,70.95377002687583
O2_std_std,time_domain,1.0123418164206446,0.316383981818123,46.768929680145064,57.677362197410886,-10.908432517265823,10.908432517265823
O2_rms_std,time_domain,1.0123418164206446,0.316383981818123,46.768929680145064,57.677362197410886,-10.908432517265823,10.908432517265823
P3_line_length_mean,time_domain,1.0109993011411527,0.31670372864054164,22594.60917581524,21644.153034016803,950.4561417984369,950.4561417984369
Fz_psd_2hz_std,psd_bin,1.0077916351836245,0.31746942966849,12335.942408727731,16034.151710122234,-3698.209301394503,3698.209301394503
Cz_gamma_rel_std,frequency_band,1.0058084035982726,0.3179440714650956,0.0050407163850815975,0.004110532292380163,0.0009301840927014348,0.0009301840927014348
P3_kurtosis_std,time_domain,1.0015720438821165,0.31896109914499643,1.7032708242168595,2.0869180358152772,-0.38364721159841775,0.38364721159841775
Fz_beta_abs_mean,frequency_band,0.9983029048891595,0.3197488727865977,2296.520043612735,1807.1729010806496,489.3471425320856,489.3471425320856
P8_psd_8hz_mean,psd_bin,0.9960282641775752,0.32029852175262497,374.73191153720745,499.5720104277733,-124.84009889056586,124.84009889056586
F4_psd_14hz_std,psd_bin,0.9925236890514835,0.32114783096992106,164.55494505360826,232.27403184750435,-67.71908679389608,67.71908679389608
P7_P8_hjorth_mobility_mean_diff,asymmetry,0.9923434892515304,0.32119158189789476,-0.00013366265310114673,-0.02553740457521126,0.025403741922110114,0.025403741922110114
F4_psd_16hz_std,psd_bin,0.9906881099510738,0.321593864060322,158.25862264955893,337.3039504028677,-179.04532775330878,179.04532775330878
Fp2_psd_22hz_mean,psd_bin,0.9900960713700617,0.32173790086070764,191.916218528193,156.8093330111693,35.10688551702373,35.10688551702373
C4_ptp_mean,time_domain,0.9798633449103852,0.3242410288959042,965.6088330271955,1049.943739175996,-84.33490614880043,84.33490614880043
P7_psd_24hz_mean,psd_bin,0.9757468285782829,0.3252553250898782,81.41244816111792,94.34287032462711,-12.930422163509192,12.930422163509192
P8_gamma_abs_std,frequency_band,0.9641515280745884,0.3281352304452033,290.69895087350443,593.2475836457953,-302.5486327722909,302.5486327722909
P3_psd_26hz_mean,psd_bin,0.9622351562862107,0.3286144752813196,56.97818036949979,75.50885948513289,-18.5306791156331,18.5306791156331
C4_psd_18hz_std,psd_bin,0.9604524755074205,0.3290611283833358,100.35765163210736,262.76573439232027,-162.4080827602129,162.4080827602129
Fz_psd_18hz_mean,psd_bin,0.9592475723554836,0.32936347911330255,171.12009198849185,134.69419066366348,36.425901324828374,36.425901324828374
F8_rms_std,time_domain,0.9562385288610344,0.3301201768442462,68.1153088242132,78.47376024515324,-10.358451420940042,10.358451420940042
F8_std_std,time_domain,0.9562385288609653,0.3301201768442631,68.1153088242132,78.47376024515324,-10.358451420940042,10.358451420940042
F4_alpha_abs_std,frequency_band,0.9547946387535544,0.33048410607757084,1117.589252324734,2009.8100906050872,-892.2208382803533,892.2208382803533
P8_psd_26hz_std,psd_bin,0.9541935592013943,0.33063576546921636,79.53373154214327,130.37894393648506,-50.845212394341786,50.845212394341786
F3_alpha_rel_std,frequency_band,0.9526847286855863,0.3310168726864525,0.044855726922691734,0.04177799117023716,0.003077735752454576,0.003077735752454576
Fz_gamma_rel_std,frequency_band,0.9445046009358944,0.333093350213322,0.003486389788682422,0.0030745650121510376,0.00041182477653138464,0.00041182477653138464
C4_psd_20hz_std,psd_bin,0.944247297323361,0.33315894894611664,83.14533530408822,242.1194246135284,-158.97408930944016,158.97408930944016
C4_psd_4hz_mean,psd_bin,0.9400849070579276,0.3342225571618941,2103.4525778028396,2518.4284203295697,-414.97584252673005,414.97584252673005
Fp1_Fp2_theta_beta_ratio_mean_diff,asymmetry,0.9390413805659448,0.3344899243701839,0.26365985156041244,0.5232214703455375,-0.259561618785125,0.259561618785125
Fp1_ptp_mean,time_domain,0.9384488102899473,0.33464187810409673,1354.3917272918582,1457.669164472235,-103.27743718037686,103.27743718037686
P3_psd_6hz_std,psd_bin,0.9374406108502994,0.3349006261607954,1194.2833410060064,1785.7514516575216,-591.4681106515152,591.4681106515152
F4_psd_26hz_mean,psd_bin,0.9297227859878419,0.33689032657977225,66.79933613650178,55.32852109204559,11.470815044456188,11.470815044456188
Fz_psd_20hz_mean,psd_bin,0.9281401814519228,0.3373003023193467,175.02214165415222,121.4212142685091,53.60092738564312,53.60092738564312
F3_psd_20hz_std,psd_bin,0.9268517622436316,0.3376345671203189,86.67086228901358,160.87172407205364,-74.20086178304005,74.20086178304005
T7_beta_alpha_ratio_mean,band_ratio,0.925180826204843,0.33806873883021304,1.2818067851156232,1.1226337123881271,0.15917307272749603,0.15917307272749603
F7_alpha_abs_std,frequency_band,0.9236284160124071,0.33847279023313825,1249.659324371345,1962.4273779633681,-712.7680535920231,712.7680535920231
C4_psd_16hz_std,psd_bin,0.9208530806638744,0.3391967673535018,139.0288325246359,308.62760264630094,-169.59877012166504,169.59877012166504
F7_theta_rel_mean,frequency_band,0.9182634540903447,0.33987419340225067,0.16251342368404645,0.1540084643033811,0.008504959380665339,0.008504959380665339
P7_line_length_std,time_domain,0.9177336137081993,0.3400130214328354,2891.200262529672,3354.381205042015,-463.18094251234334,463.18094251234334
O2_theta_alpha_ratio_std,band_ratio,0.9165369175553444,0.34032686116175637,1.0395111511276467,1.1298367184206142,-0.09032556729296748,0.09032556729296748
F3_alpha_abs_std,frequency_band,0.916137105648433,0.3404318014496833,1222.129008141403,1840.5746568501604,-618.4456487087575,618.4456487087575
T8_psd_14hz_std,psd_bin,0.9152193961122896,0.34067284255276375,143.0484076143596,212.5670534660987,-69.51864585173911,69.51864585173911
T8_psd_16hz_std,psd_bin,0.9139078433545972,0.3410177307661837,137.94840002103294,310.8372383321911,-172.88883831115814,172.88883831115814
F8_ptp_mean,time_domain,0.9138451880946243,0.3410342185613273,1089.8293846329989,1187.4252270543159,-97.595842421317,97.595842421317
Cz_beta_abs_mean,frequency_band,0.9037433571308127,0.34370675531365824,1612.3068523824802,2167.3603828806267,-555.0535304981465,555.0535304981465
C4_std_mean,time_domain,0.8999976687097221,0.3447049560197539,152.96119963211416,163.64780978684453,-10.686610154730374,10.686610154730374
C4_rms_mean,time_domain,0.8999976687097221,0.3447049560197539,152.96119963211416,163.64780978684453,-10.686610154730374,10.686610154730374
F3_psd_8hz_std,psd_bin,0.8983108090721341,0.34515578324769103,686.8439309132671,1022.1743929566444,-335.33046204337734,335.33046204337734
C4_beta_abs_std,frequency_band,0.8980707761214215,0.34521999938109693,894.13171081527,2292.5852642603663,-1398.4535534450963,1398.4535534450963
F7_psd_12hz_std,psd_bin,0.896924321235389,0.3455269359440183,240.14110248906042,339.4471983331492,-99.30609584408876,99.30609584408876
P3_P4_std_mean_diff,asymmetry,0.896556581198689,0.3456254686322613,4.033366097909108,17.035044935637135,-13.001678837728026,13.001678837728026
Fp2_beta_alpha_ratio_mean,band_ratio,0.8959343209193572,0.3457922851238846,1.7664647738397123,1.5589004319489699,0.20756434189074247,0.20756434189074247
C3_psd_22hz_mean,psd_bin,0.8959198141009331,0.34579617544469055,78.28632317758847,66.1971798807839,12.089143296804565,12.089143296804565
Fz_beta_alpha_ratio_mean,band_ratio,0.8942300345168088,0.34624973594451736,0.9515661733892912,0.890845811302688,0.06072036208660314,0.06072036208660314
Fp2_beta_rel_mean,frequency_band,0.8934768031563164,0.3464521755629173,0.11017175123706494,0.09928143924233186,0.010890311994733073,0.010890311994733073
F7_ptp_std,time_domain,0.8931026241194321,0.3465528006010139,587.9472620712623,659.8489769642966,-71.9017148930343,71.9017148930343
T7_psd_16hz_std,psd_bin,0.8893801564663483,0.34755603324417716,112.88758982903265,256.035429109606,-143.14783928057335,143.14783928057335
Fp2_psd_2hz_std,psd_bin,0.8853377826851663,0.3486499873692044,22739.4125656619,17974.619659052503,4764.792906609397,4764.792906609397
T7_psd_14hz_mean,psd_bin,0.8832270920227229,0.3492230600680357,126.93674325631613,153.24505446234465,-26.30831120602852,26.30831120602852
Fp2_psd_20hz_std,psd_bin,0.8821295414082234,0.34952156569531556,144.0404811902511,287.5478213532898,-143.5073401630387,143.5073401630387
P3_psd_24hz_std,psd_bin,0.8796806199476485,0.35018887177620994,66.31626861160059,256.6298643472108,-190.3135957356102,190.3135957356102
F8_theta_abs_mean,frequency_band,0.8781409036156277,0.3506093238371144,3984.5956955145098,4778.395115304332,-793.799419789822,793.799419789822
P4_delta_rel_std,frequency_band,0.8770058720617638,0.3509197119209464,0.1266273613056391,0.13110438507134423,-0.004477023765705135,0.004477023765705135
Fp2_psd_16hz_std,psd_bin,0.8766766381193207,0.3510098155010555,200.22044973185916,385.70606324038823,-185.48561350852907,185.48561350852907
Fp2_psd_14hz_std,psd_bin,0.8764224568256089,0.35107940067069576,179.3937961522048,240.39542804340942,-61.001631891204624,61.001631891204624
C4_theta_abs_mean,frequency_band,0.8753632861479571,0.35136956536578023,4312.122032782388,4995.646520180561,-683.5244873981737,683.5244873981737
F4_psd_8hz_std,psd_bin,0.8730117452486637,0.3520149597719541,628.506178958084,1064.740075342482,-436.233896384398,436.233896384398
P4_psd_28hz_std,psd_bin,0.8722305049532428,0.35222973642498223,36.114473535355515,110.19645026392168,-74.08197672856616,74.08197672856616
C4_beta_alpha_ratio_mean,band_ratio,0.8716771147903838,0.35238198212696725,0.8036931835132908,0.7375333859132092,0.06615979760008162,0.06615979760008162
P8_delta_abs_mean,frequency_band,0.8701086702849181,0.35281397623480426,18201.725151227227,25036.57832786816,-6834.853176640932,6834.853176640932
Cz_psd_28hz_mean,psd_bin,0.8595895182504201,0.35573018788421207,44.029541931914565,64.8757036496664,-20.84616171775184,20.84616171775184
F8_psd_14hz_std,psd_bin,0.85052489475558,0.35826992358482923,148.14967159029217,212.51777072867318,-64.36809913838101,64.36809913838101
T8_psd_2hz_mean,psd_bin,0.8475722735099303,0.3591026104190438,8359.384357540068,10736.097372552671,-2376.713015012603,2376.713015012603
F4_psd_18hz_std,psd_bin,0.8449953316031417,0.3598315439032532,118.14618381822848,266.5908101104736,-148.44462629224515,148.44462629224515
Cz_psd_8hz_mean,psd_bin,0.8444970215351616,0.35997273650262673,974.1743257360073,1182.0845879806327,-207.91026224462541,207.91026224462541
P8_theta_abs_mean,frequency_band,0.8428535166044011,0.36043895733199105,2619.0897984131875,3306.5439219423793,-687.4541235291917,687.4541235291917
T7_line_length_std,time_domain,0.8407806028024948,0.3610281872532658,2666.356169760194,3026.0401153536163,-359.6839455934223,359.6839455934223
P7_psd_16hz_std,psd_bin,0.8397678935223313,0.3613165386251712,149.43904100101523,275.89747490869706,-126.45843390768184,126.45843390768184
P3_psd_4hz_std,psd_bin,0.8366919213978038,0.36219433420617475,2864.1841821975304,3679.9121342391245,-815.7279520415941,815.7279520415941
O2_psd_22hz_std,psd_bin,0.8355300110921995,0.3625266826737036,322.23508271272414,116.68221690560684,205.5528658071173,205.5528658071173
T8_psd_18hz_std,psd_bin,0.8350388868927598,0.3626672896457759,121.4443052015289,254.5973727428158,-133.15306754128687,133.15306754128687
F8_alpha_abs_mean,frequency_band,0.8293690682991606,0.3642960528666185,1429.4109142200964,1668.0873253936657,-238.67641117356925,238.67641117356925
Fz_psd_28hz_std,psd_bin,0.828862192638944,0.3644421588576118,115.66141145374222,40.13824647975104,75.52316497399119,75.52316497399119
T7_psd_28hz_mean,psd_bin,0.828626687913118,0.3645100704887563,49.4090484602904,41.200481177608616,8.208567282681784,8.208567282681784
T8_std_std,time_domain,0.8218635271075934,0.3664679036222651,66.23023287555914,76.6229987489562,-10.392765873397067,10.392765873397067
T8_rms_std,time_domain,0.8218635271075934,0.3664679036222651,66.23023287555914,76.6229987489562,-10.392765873397067,10.392765873397067
T7_psd_14hz_std,psd_bin,0.8206509743252388,0.36682047263612727,140.34531332136322,240.50612916345284,-100.16081584208962,100.16081584208962
P4_skew_std,time_domain,0.819365189049596,0.36719485393348916,0.46099235986447357,0.5010494502365822,-0.04005709037210864,0.04005709037210864
F8_psd_18hz_std,psd_bin,0.8190933702268158,0.3672740677376328,113.45105297354766,252.73708831163378,-139.28603533808612,139.28603533808612
F8_psd_8hz_mean,psd_bin,0.8175098289158278,0.36773602160664487,527.5677788208045,634.8485200639424,-107.28074124313787,107.28074124313787
O2_psd_22hz_mean,psd_bin,0.816617853926975,0.3679965887883133,197.1578395810618,134.67131100526615,62.48652857579566,62.48652857579566
P8_hjorth_activity_std,hjorth,0.8163181276549313,0.3680842040625676,34823.63060009073,48726.5121178605,-13902.881517769769,13902.881517769769
P8_psd_20hz_mean,psd_bin,0.8162267234864243,0.3681109289301635,119.88970041133835,158.72058522175928,-38.830884810420926,38.830884810420926
F7_line_length_std,time_domain,0.8144226711901495,0.3686389572029033,3144.967236775718,3601.671790574535,-456.70455379881696,456.70455379881696
P7_psd_30hz_std,psd_bin,0.812594246585287,0.3691752035899445,49.17461564499648,64.02356350790501,-14.848947862908531,14.848947862908531
F8_psd_20hz_std,psd_bin,0.8082610879503551,0.3704504274106345,101.76954340501234,247.420801019698,-145.65125761468565,145.65125761468565
Fp1_skew_std,time_domain,0.807137849833732,0.3707819999977914,0.6575982711686892,0.7028861987702208,-0.04528792760153166,0.04528792760153166
Fp2_alpha_abs_std,frequency_band,0.8052474737440805,0.37134096972819497,1326.1090889138334,2107.247619657569,-781.1385307437356,781.1385307437356
F4_psd_10hz_std,psd_bin,0.805051723733694,0.3713989192337044,370.11767985759985,552.3577768309268,-182.24009697332696,182.24009697332696
Cz_psd_20hz_mean,psd_bin,0.8043470363976111,0.3716076391079204,102.71378141415258,143.9253013787121,-41.21151996455953,41.21151996455953
F8_psd_2hz_mean,psd_bin,0.8033927315815371,0.3718905559745096,9647.104194994761,11876.269286218956,-2229.165091224195,2229.165091224195
C4_psd_26hz_std,psd_bin,0.8017118912132238,0.37238960251146225,43.31538921451437,81.64811118372515,-38.33272196921078,38.33272196921078
O1_psd_16hz_mean,psd_bin,0.7977949780850027,0.3735562143434932,224.33708385673398,262.2052979560514,-37.86821409931744,37.86821409931744
O2_psd_6hz_mean,psd_bin,0.7971154277552027,0.3737591359605461,913.7396523403379,1098.7729359441978,-185.0332836038599,185.0332836038599
C3_psd_12hz_mean,psd_bin,0.7949756530467489,0.3743991149344271,272.02646634272213,241.6704760001282,30.35599034259394,30.35599034259394
Fz_psd_8hz_mean,psd_bin,0.7944543412325602,0.3745552669993546,1051.3490017750735,930.2447040127656,121.10429776230785,121.10429776230785
P4_alpha_abs_std,frequency_band,0.7860855009784425,0.3770747008897458,1336.7363083222267,2187.5697238908597,-850.833415568633,850.833415568633
T7_beta_abs_std,frequency_band,0.7851513730963878,0.3773574069683452,835.7472072811964,1659.8696470933132,-824.1224398121168,824.1224398121168
F8_psd_28hz_std,psd_bin,0.7824777704762597,0.3781682139602057,48.451612451216235,118.68440852925498,-70.23279607803875,70.23279607803875
P8_psd_18hz_mean,psd_bin,0.7820958144042358,0.3782842491719156,128.73316411987165,160.4560592183093,-31.722895098437647,31.722895098437647
Cz_std_mean,time_domain,0.780248689239665,0.37884610499524074,151.95000458201247,161.78318112011493,-9.833176538102464,9.833176538102464
Cz_rms_mean,time_domain,0.780248689239665,0.37884610499524074,151.95000458201247,161.78318112011493,-9.833176538102464,9.833176538102464
O1_psd_4hz_std,psd_bin,0.7790393558337094,0.3792146005242224,3042.266711706492,4022.4516582731,-980.1849465666078,980.1849465666078
Cz_theta_abs_mean,frequency_band,0.7765165226707165,0.3799849738273394,4794.575788756324,5447.603020487499,-653.0272317311747,653.0272317311747
O2_psd_4hz_std,psd_bin,0.7734778812282378,0.38091581366623917,2291.629739427347,3002.876292682321,-711.2465532549741,711.2465532549741
C4_psd_28hz_std,psd_bin,0.7720988267271546,0.38133933665084674,41.871796133456755,117.1567584059575,-75.28496227250075,75.28496227250075
T8_hjorth_complexity_std,hjorth,0.7701292626624369,0.38194537622664415,0.6747695769052369,0.7339068478031916,-0.05913727089795473,0.05913727089795473
P8_psd_22hz_std,psd_bin,0.7619181951101835,0.3844868093997337,102.66558370432367,162.40266285649582,-59.73707915217216,59.73707915217216
C4_alpha_abs_std,frequency_band,0.7599027841233086,0.3851142997181054,1598.3801140097037,2457.90288811244,-859.5227741027363,859.5227741027363
F7_psd_16hz_mean,psd_bin,0.7568202712032382,0.3860768685226983,137.50675781574697,164.1088585412134,-26.602100725466443,26.602100725466443
F8_beta_abs_std,frequency_band,0.7541289950387731,0.38692008951492596,1041.7551315652252,2296.982733580018,-1255.2276020147926,1255.2276020147926
F7_psd_14hz_std,psd_bin,0.7503010807468553,0.3881239990601705,185.5215460718881,293.9729188950241,-108.45137282313601,108.45137282313601
C4_psd_8hz_mean,psd_bin,0.7492102912141724,0.38846804650820566,801.5944805738316,966.0405276152585,-164.44604704142694,164.44604704142694
T7_psd_4hz_std,psd_bin,0.7488614500698108,0.3885781675336546,2728.730664108284,3351.862509941805,-623.1318458335209,623.1318458335209
P4_psd_24hz_std,psd_bin,0.7476131896837908,0.3889725823162069,55.50833448948254,93.94618282782655,-38.437848338344004,38.437848338344004
C3_psd_30hz_mean,psd_bin,0.7465028171893956,0.3893239127920469,26.70620746349206,23.28918395219363,3.4170235112984315,3.4170235112984315
F8_psd_8hz_std,psd_bin,0.7452142676208255,0.38973219289428584,568.7147767287283,1019.4200654435869,-450.7052887148585,450.7052887148585
F7_psd_8hz_std,psd_bin,0.7439107207545633,0.3901458527965407,631.364914349538,963.7468465101675,-332.3819321606295,332.3819321606295
Pz_psd_20hz_std,psd_bin,0.7422876527253373,0.39066179274390356,77.43326430275029,140.6570442900253,-63.22377998727502,63.22377998727502
F4_beta_abs_std,frequency_band,0.7415058256694006,0.39091067066775953,997.990747426036,2222.827274581125,-1224.836527155089,1224.836527155089
P4_psd_18hz_mean,psd_bin,0.7403236873965943,0.391287413757187,115.81955701600171,144.66266304973885,-28.843106033737143,28.843106033737143
Fp2_zero_crossing_rate_std,time_domain,0.7354900910568756,0.39283333094651995,0.026564995690001824,0.025543101271935605,0.0010218944180662194,0.0010218944180662194
Fz_psd_22hz_std,psd_bin,0.7339664734518818,0.39332245621478956,221.96381116048482,96.34157548826508,125.62223567221974,125.62223567221974
Fz_psd_30hz_std,psd_bin,0.7322943625236984,0.3938602672692879,40.30593508693451,25.84500657165643,14.46092851527808,14.46092851527808
P4_psd_26hz_std,psd_bin,0.730633723267813,0.39439544338672294,42.02563325074721,75.42985002586592,-33.404216775118705,33.404216775118705
C4_psd_4hz_std,psd_bin,0.7299291368298533,0.39462282971501694,2309.1450357823664,2937.7740509022638,-628.6290151198973,628.6290151198973
F7_psd_22hz_std,psd_bin,0.7280557451696171,0.3952283419584621,100.93011918876161,138.04537067301675,-37.11525148425514,37.11525148425514
F8_psd_16hz_std,psd_bin,0.7265190869361051,0.39572602305273785,179.57587797251892,334.8510980040107,-155.27522003149176,155.27522003149176
P7_hjorth_mobility_std,hjorth,0.720568054405358,0.3976620131314277,0.08337480392469986,0.07854367485157529,0.004831129073124565,0.004831129073124565
F3_F4_beta_rel_mean_diff,asymmetry,0.7198489956631439,0.3978968697287786,-0.011657256107650655,-0.007195175790661191,-0.004462080316989464,0.004462080316989464
O1_psd_20hz_std,psd_bin,0.7120096840066017,0.40047048983883604,139.3105389218527,205.66523940300618,-66.35470048115349,66.35470048115349
T7_psd_10hz_mean,psd_bin,0.7020032761858506,0.40379105581633656,436.0644406830188,377.7379328731016,58.32650780991719,58.32650780991719
O2_psd_6hz_std,psd_bin,0.6995435443035168,0.404613482560485,1032.2232125646908,1556.5854196528437,-524.3622070881529,524.3622070881529
F4_delta_rel_std,frequency_band,0.6984267159486918,0.4049877135962201,0.1290811287478866,0.13328313056298793,-0.0042020018151013305,0.0042020018151013305
C3_psd_10hz_mean,psd_bin,0.6971446529277344,0.40541793975735085,898.1813334129819,755.0570887459257,143.12424466705613,143.12424466705613
C4_psd_14hz_std,psd_bin,0.6941585434886325,0.4064226092475114,162.74567586796732,227.93287486022166,-65.18719899225434,65.18719899225434
Pz_psd_6hz_std,psd_bin,0.6912693814759521,0.407398155394862,1104.6112667206035,1551.7791288478518,-447.1678621272483,447.1678621272483
T8_psd_30hz_mean,psd_bin,0.690689169538601,0.40759448433656753,62.93675852262089,53.523939917008015,9.412818605612877,9.412818605612877
O1_psd_10hz_mean,psd_bin,0.6905370535064854,0.4076459796205991,671.7433524714048,571.296055854111,100.44729661729377,100.44729661729377
C3_psd_24hz_std,psd_bin,0.6890482106216139,0.4081504994042867,56.4542108671283,45.74663012540156,10.707580741726744,10.707580741726744
F3_psd_26hz_mean,psd_bin,0.6879102662653519,0.4085367330529083,53.81768711171327,48.02241936672116,5.79526774499211,5.79526774499211
P3_psd_24hz_mean,psd_bin,0.6854471645492646,0.40937459464060966,72.50073912680577,108.9489195420912,-36.448180415285435,36.448180415285435
F3_psd_14hz_std,psd_bin,0.6798576404002603,0.4112854136138092,187.53550071809167,289.68421845201914,-102.14871773392747,102.14871773392747
P7_psd_18hz_std,psd_bin,0.6796566026037155,0.41135438584279216,123.32109098362777,173.7399920565347,-50.418901072906934,50.418901072906934
F7_psd_20hz_std,psd_bin,0.6763705188664787,0.4124842155807501,111.97148760084815,175.15517957909464,-63.183691978246486,63.183691978246486
P4_theta_alpha_ratio_mean,band_ratio,0.674536706747385,0.41311672598580285,2.1260939107459684,2.272401413407591,-0.14630750266162273,0.14630750266162273
P7_beta_abs_std,frequency_band,0.6728137951278651,0.41371229967275225,1164.6063254669962,1981.7358015356779,-817.1294760686817,817.1294760686817
C4_psd_12hz_mean,psd_bin,0.6724294009956672,0.4138453507609716,281.07621549256675,250.1573808040261,30.91883468854064,30.91883468854064
P8_psd_24hz_std,psd_bin,0.672281879082166,0.4138964297156149,84.21044391889437,131.15838000894502,-46.947936090050646,46.947936090050646
Fp2_beta_abs_std,frequency_band,0.6687262643033813,0.4151303944828536,1239.1001475629864,2435.157283979234,-1196.0571364162474,1196.0571364162474
C3_psd_20hz_std,psd_bin,0.6654414873759447,0.41627524578580477,73.90510037871972,132.90694546000324,-59.00184508128352,59.00184508128352
O1_psd_14hz_std,psd_bin,0.6648439911715208,0.41648399907478173,261.93907841512413,362.6278950950226,-100.68881667989848,100.68881667989848
T8_beta_abs_std,frequency_band,0.6645638830776212,0.4165819171062082,1228.2480278996907,2359.194295343329,-1130.9462674436384,1130.9462674436384
O1_psd_8hz_std,psd_bin,0.6639056608081836,0.4168121487903018,720.8318406702355,1073.3801381231383,-352.54829745290283,352.54829745290283
F4_theta_alpha_ratio_mean,band_ratio,0.6633803397581736,0.41699603100315763,2.538804040373913,2.674292106279734,-0.13548806590582085,0.13548806590582085
P7_psd_30hz_mean,psd_bin,0.661739414525155,0.41757119856158376,53.51479169766639,60.40175314504352,-6.886961447377132,6.886961447377132
P8_hjorth_complexity_std,hjorth,0.6604216089029048,0.41803396774966195,0.5650840051289546,0.614648482831171,-0.04956447770221639,0.04956447770221639
Fp2_psd_10hz_std,psd_bin,0.657827372669153,0.4189472231565835,411.79941509064867,562.9957687014629,-151.19635361081424,151.19635361081424
Cz_kurtosis_std,time_domain,0.655378397858138,0.41981208845352114,1.683067581388912,2.003826374964533,-0.32075879357562087,0.32075879357562087
Fp1_psd_14hz_std,psd_bin,0.650705489498952,0.4214697984320088,203.11064331543596,287.74684043510695,-84.63619711967098,84.63619711967098
C4_psd_6hz_mean,psd_bin,0.6497084850333086,0.42182475846775425,1028.7350084712223,1171.5662315090767,-142.83122303785444,142.83122303785444
T8_delta_abs_std,frequency_band,0.6496681009943582,0.4218391457351701,36993.04115184523,46314.19583116218,-9321.154679316947,9321.154679316947
T8_psd_4hz_mean,psd_bin,0.6492531464391558,0.42198702074935557,1805.161482633043,2099.3250440914094,-294.1635614583663,294.1635614583663
F7_psd_28hz_mean,psd_bin,0.6485836738614442,0.4222257614805859,61.51811125669324,53.954067959944,7.56404329674924,7.56404329674924
P4_line_length_mean,time_domain,0.644521735423766,0.42367866302416923,20525.35916940887,19803.00639467907,722.3527747297994,722.3527747297994
Fp2_psd_12hz_mean,psd_bin,0.6430108145785929,0.42422102414632357,285.08999729960397,257.8867745246212,27.20322277498275,27.20322277498275
F8_alpha_abs_std,frequency_band,0.6406793299436244,0.42505999523191196,1217.8190465499536,2002.1728467843584,-784.3538002344048,784.3538002344048
F4_theta_alpha_ratio_std,band_ratio,0.6402322469569629,0.4252211619716628,1.295755839731725,1.3894729151792096,-0.09371707544748453,0.09371707544748453
T8_alpha_abs_std,frequency_band,0.6391526392503517,0.4256107257127669,1149.6260778072253,1905.3123646262122,-755.6862868189869,755.6862868189869
C3_alpha_abs_std,frequency_band,0.6387388477408424,0.4257601806709703,1534.6921614909,2042.1950484217464,-507.50288693084644,507.50288693084644
C3_beta_alpha_ratio_std,band_ratio,0.6372436230716463,0.4263008949559368,0.31755424880428657,0.29684902404243524,0.020705224761851326,0.020705224761851326
P4_beta_abs_mean,frequency_band,0.6371938332222964,0.4263189182194156,1595.9487142923824,1893.8105186843936,-297.8618043920112,297.8618043920112
P3_delta_rel_std,frequency_band,0.6367565606385266,0.42647725467737374,0.12247408282087767,0.12644951719874917,-0.003975434377871498,0.003975434377871498
Fp2_psd_18hz_std,psd_bin,0.6340588690209836,0.42745606328528707,160.2215146580609,293.5069321794213,-133.28541752136042,133.28541752136042
P4_gamma_abs_std,frequency_band,0.6310442088094775,0.42855391664863496,149.57507959714397,356.28462018508975,-206.70954058794578,206.70954058794578
P7_psd_12hz_std,psd_bin,0.628224919146003,0.4295845036341317,200.87002423892744,279.39082173670397,-78.52079749777653,78.52079749777653
Pz_theta_rel_std,frequency_band,0.6253187824799676,0.43065079064589007,0.06637961920630595,0.06866259953034831,-0.0022829803240423663,0.0022829803240423663
T7_psd_20hz_std,psd_bin,0.6217847357705537,0.43195290913420703,79.14499878225173,134.1198202230363,-54.97482144078457,54.97482144078457
Cz_psd_26hz_mean,psd_bin,0.621391166724486,0.43209829133154776,51.08785798823634,64.1557928531567,-13.06793486492036,13.06793486492036
C4_beta_alpha_ratio_std,band_ratio,0.6187757397540581,0.4330663177568047,0.35095767284720714,0.3211669669315518,0.029790705915655358,0.029790705915655358
P4_psd_30hz_std,psd_bin,0.6176719719232436,0.43347584172480413,32.60222153516889,52.12800565449494,-19.525784119326055,19.525784119326055
O1_psd_16hz_std,psd_bin,0.6170250351762293,0.43371614613226195,220.5187910737189,332.30302786355526,-111.78423678983637,111.78423678983637
P8_kurtosis_mean,time_domain,0.6139663639179054,0.43485505643417854,1.369109584844645,1.6000447306034065,-0.2309351457587614,0.2309351457587614
F8_psd_4hz_mean,psd_bin,0.6125650263009564,0.4353783833451291,2392.2870610968985,2816.3434394757214,-424.05637837882296,424.05637837882296
P3_psd_10hz_mean,psd_bin,0.6092144314335924,0.4366335842878283,765.1874610984102,669.9012680547379,95.28619304367226,95.28619304367226
F3_psd_16hz_mean,psd_bin,0.6074516059949249,0.43729620942329306,161.64428197708128,190.0314563601628,-28.387174383081515,28.387174383081515
P3_psd_30hz_mean,psd_bin,0.6070784104185006,0.43743668769636235,44.022497755767915,58.637630964421724,-14.615133208653809,14.615133208653809
F7_beta_alpha_ratio_mean,band_ratio,0.606275669628868,0.4377390909616915,1.456669124142065,1.3392429682906928,0.11742615585137228,0.11742615585137228
Fp1_psd_20hz_std,psd_bin,0.6059680066673087,0.43785507710326055,131.6869043799216,194.75721866011037,-63.07031428018877,63.07031428018877
F3_psd_16hz_std,psd_bin,0.6047754799118833,0.4383050966757953,166.31111547888398,293.1260945489908,-126.81497907010683,126.81497907010683
Fp2_alpha_rel_std,frequency_band,0.603410519292442,0.4388210627927971,0.0363950770139154,0.03821013337947856,-0.0018150563655631585,0.0018150563655631585
Fp2_theta_abs_mean,frequency_band,0.602136359466517,0.4393035516548427,7197.4914155531,6341.623242444416,855.8681731086835,855.8681731086835
F3_beta_abs_std,frequency_band,0.6018204817443159,0.43942329243889366,1013.857582685451,1778.209345721358,-764.351763035907,764.351763035907
T7_skew_mean,time_domain,0.6015068403209771,0.4395422353772792,0.03826491236159331,0.00888142756091025,0.02938348480068306,0.02938348480068306
T8_psd_28hz_std,psd_bin,0.6013286843201082,0.43960982002254045,82.18752839146208,145.57451529414897,-63.386986902686886,63.386986902686886
Pz_psd_28hz_std,psd_bin,0.6008645785177616,0.43978595699822787,31.371573755993918,45.60209692823189,-14.23052317223797,14.23052317223797
T8_psd_26hz_mean,psd_bin,0.5981537859836682,0.44081693718226955,82.52380361925381,70.41598557032266,12.10781804893115,12.10781804893115
F4_ptp_std,time_domain,0.5978788902793997,0.44092169542904547,443.38225646917823,500.61106841260005,-57.22881194342182,57.22881194342182
Pz_psd_26hz_std,psd_bin,0.5963206193163435,0.44151625608078304,36.874558008716015,55.42473918752377,-18.550181178807755,18.550181178807755
C3_psd_6hz_mean,psd_bin,0.595135597268803,0.44196923481340655,1155.52676092317,1292.5848193222691,-137.05805839909908,137.05805839909908
Fp1_delta_rel_std,frequency_band,0.5938476851359908,0.44246236115883,0.13558056483646638,0.13161861685068268,0.003961947985783698,0.003961947985783698
P7_psd_14hz_std,psd_bin,0.5931750678625858,0.4427202377101591,191.4584031165413,293.34951878238934,-101.89111566584805,101.89111566584805
T7_alpha_abs_mean,frequency_band,0.5922428765382852,0.4430780189169239,1490.6547700802478,1697.3011557699783,-206.64638568973055,206.64638568973055
C3_psd_28hz_mean,psd_bin,0.5916488213311085,0.44330625551252023,35.83473833792966,30.862928283198148,4.97181005473151,4.97181005473151
F3_beta_rel_std,frequency_band,0.5916127256326773,0.44332012939993326,0.03466330684874099,0.03255226669403448,0.002111040154706513,0.002111040154706513
F8_psd_26hz_std,psd_bin,0.5889647448383462,0.44433976151807286,60.482279848455796,96.37803981644636,-35.895759967990564,35.895759967990564
P8_psd_14hz_std,psd_bin,0.5887354213619624,0.44442823642850504,160.0679855551562,221.53399388400945,-61.466008328853235,61.466008328853235
P3_psd_22hz_std,psd_bin,0.5865486086146023,0.44527330641029594,93.71367830870952,138.2403895233829,-44.526711214673384,44.526711214673384
C4_theta_beta_ratio_std,band_ratio,0.5850349533355583,0.44585970896724236,1.540746302974811,1.7579339696452865,-0.2171876666704755,0.2171876666704755
O1_psd_12hz_std,psd_bin,0.5841202870128834,0.4462146421377764,331.5576338473604,415.1397640038235,-83.58213015646305,83.58213015646305
C3_psd_8hz_std,psd_bin,0.5839598955856661,0.44627692691191323,785.3510477998509,1068.5927563324176,-283.2417085325667,283.2417085325667
Fz_gamma_abs_std,frequency_band,0.5827299638314661,0.44675499740540936,270.62254317016703,139.84217965790685,130.78036351226018,130.78036351226018
Fz_psd_10hz_mean,psd_bin,0.5819227516467401,0.44706919295148695,554.4482289346256,504.29529752263,50.15293141199561,50.15293141199561
Pz_alpha_rel_std,frequency_band,0.5815684179132898,0.44720722121175194,0.05604202723371901,0.05267880669723913,0.0033632205364798815,0.0033632205364798815
F8_psd_12hz_mean,psd_bin,0.5762380159369405,0.4492917127689118,195.04802535595246,214.80905365078215,-19.761028294829686,19.761028294829686
Cz_psd_18hz_mean,psd_bin,0.5737396757126234,0.4502739506720156,121.62144787697333,150.03431494570032,-28.41286706872698,28.41286706872698
F8_theta_abs_std,frequency_band,0.5736541997110787,0.45030761569386624,4696.604023980715,6204.114043943055,-1507.5100199623394,1507.5100199623394
Fp2_psd_6hz_mean,psd_bin,0.5707842477390556,0.45144025573965785,1607.9754317027841,1426.765797902764,181.20963380002013,181.20963380002013
C3_C4_beta_rel_mean_diff,asymmetry,0.5693760505603742,0.4519976465310155,-0.0030836108878159146,-0.006661992405390334,0.00357838151757442,0.00357838151757442
F4_psd_2hz_mean,psd_bin,0.5688686267504685,0.4521987598955265,7421.356222696545,8908.165103931995,-1486.80888123545,1486.80888123545
O2_theta_abs_std,frequency_band,0.564392408994899,0.4539789993558294,3538.654123680917,5102.705078999742,-1564.050955318825,1564.050955318825
P8_alpha_rel_std,frequency_band,0.5619018308948444,0.4549743239279138,0.04027618326532095,0.03824490425819568,0.0020312790071252695,0.0020312790071252695
F7_psd_10hz_std,psd_bin,0.5618271794356251,0.4550042105711156,376.16242029959767,473.06408969829465,-96.90166939869698,96.90166939869698
O1_kurtosis_std,time_domain,0.5615667465022635,0.45510849897470784,1.7736421317400943,2.0277598829277754,-0.2541177511876811,0.2541177511876811
F4_kurtosis_mean,time_domain,0.560937843177661,0.4553604945492853,1.1099400852347308,1.2660151791957344,-0.1560750939610036,0.1560750939610036
P4_line_length_std,time_domain,0.5604322855027105,0.45556322683568784,2295.2920824059142,2731.5297693989983,-436.237686993084,436.237686993084
Cz_psd_6hz_mean,psd_bin,0.5594820291857816,0.4559446734418928,1134.8092903654092,1257.4725021274871,-122.66321176207794,122.66321176207794
P8_alpha_abs_std,frequency_band,0.5567276021426016,0.4570532046506708,1065.1961355753886,1772.362393723547,-707.1662581481585,707.1662581481585
T7_hjorth_complexity_std,hjorth,0.5553719119144361,0.4576003789712011,0.6273758305089591,0.6739569265239648,-0.04658109601500571,0.04658109601500571
Pz_kurtosis_std,time_domain,0.5544959178295434,0.45795449512845676,1.559401791675984,1.7905739971767356,-0.23117220550075168,0.23117220550075168
Fp2_psd_30hz_mean,psd_bin,0.5522245709472545,0.45887470729448443,79.72774138974047,67.54789950208875,12.179841887651719,12.179841887651719
Fp1_beta_abs_std,frequency_band,0.5516780277421504,0.4590965725916454,1259.921231909293,1950.0937610019466,-690.1725290926536,690.1725290926536
Cz_psd_24hz_mean,psd_bin,0.5480887327051812,0.4605578769546056,68.42374281279136,90.66618683996919,-22.242444027177825,22.242444027177825
T8_skew_std,time_domain,0.5460102539521597,0.46140748033272005,0.6318429543008868,0.6752204462132093,-0.04337749191232254,0.04337749191232254
P4_psd_20hz_mean,psd_bin,0.5459496518313666,0.4614322897330484,101.32079687393913,127.26244308068449,-25.94164620674536,25.94164620674536
P3_P4_theta_beta_ratio_mean_diff,asymmetry,0.5339906191885951,0.46637025128201126,-0.07353458206229946,0.13689788363469754,-0.210432465696997,0.210432465696997
F7_psd_26hz_mean,psd_bin,0.5300620804827015,0.4680109317354164,73.24023616885647,65.60317627457503,7.637059894281435,7.637059894281435
Fp2_psd_6hz_std,psd_bin,0.5295301360233421,0.46823380428579986,1741.0506669548495,2110.257680525491,-369.2070135706417,369.2070135706417
F4_gamma_abs_std,frequency_band,0.5277679142646788,0.4689733615072943,160.87517135144617,321.0559268074152,-160.180755455969,160.180755455969
Cz_psd_4hz_mean,psd_bin,0.5244496452257755,0.47037109094422147,2213.325012496954,2520.8982427669703,-307.5732302700162,307.5732302700162
C4_gamma_abs_std,frequency_band,0.5207627690703225,0.47193202427302827,158.73516348881458,346.5715794211898,-187.83641593237525,187.83641593237525
F3_psd_18hz_std,psd_bin,0.516656716558876,0.4736803612034496,116.27964958027523,159.10174782388546,-42.82209824361023,42.82209824361023
F3_psd_6hz_mean,psd_bin,0.5166024344285728,0.4737035448841882,1222.0892800092486,1371.2135311774025,-149.12425116815393,149.12425116815393
F4_psd_28hz_std,psd_bin,0.514033509582912,0.4748028426360916,53.76625231847129,114.42691215752433,-60.66065983905304,60.66065983905304
F4_psd_20hz_std,psd_bin,0.5102625844208178,0.4764240682219898,131.78935908953326,248.32529460360553,-116.53593551407226,116.53593551407226
O2_psd_10hz_mean,psd_bin,0.5043828963381453,0.4789700721389172,613.1564672692516,516.8690673621531,96.28739990709846,96.28739990709846
P7_P8_beta_rel_mean_diff,asymmetry,0.5032270835509841,0.47947318768497404,-0.0008976998991930984,-0.011618254552074773,0.010720554652881674,0.010720554652881674
P7_psd_22hz_std,psd_bin,0.497157845151521,0.4821294291656122,92.21483384783966,119.98221799010481,-27.767384142265158,27.767384142265158
Pz_psd_16hz_std,psd_bin,0.4956828418514555,0.4827786463586371,166.04629181762317,277.0431712672432,-110.99687944962005,110.99687944962005
F8_psd_28hz_mean,psd_bin,0.49546813490104663,0.4828732694355812,48.37365290278026,61.34402266072992,-12.970369757949662,12.970369757949662
P8_std_std,time_domain,0.494599907660852,0.4832562175062137,55.32266876264956,63.67220577502535,-8.349537012375784,8.349537012375784
P8_rms_std,time_domain,0.494599907660852,0.4832562175062137,55.32266876264956,63.67220577502535,-8.349537012375784,8.349537012375784
F7_psd_16hz_std,psd_bin,0.49322731098279887,0.48386265474486634,168.57773535238744,267.9344239737578,-99.35668862137038,99.35668862137038
P4_kurtosis_mean,time_domain,0.49121052289065653,0.4847559998564702,0.8593096539351373,0.9863903608251531,-0.12708070689001583,0.12708070689001583
Pz_beta_abs_std,frequency_band,0.49010174194475703,0.4852483066856025,948.2238211330861,1606.6424168743006,-658.4185957412145,658.4185957412145
Pz_psd_12hz_std,psd_bin,0.48825891084222295,0.48606837828710925,239.4579291462212,303.973054741583,-64.51512559536178,64.51512559536178
Cz_psd_12hz_std,psd_bin,0.48442969787631146,0.48777980269145127,207.48276959150684,265.0171307928423,-57.53436120133546,57.53436120133546
C3_psd_8hz_mean,psd_bin,0.4836280995073058,0.4881393409537528,883.7133831326482,1002.9052203148767,-119.19183718222848,119.19183718222848
O2_psd_12hz_std,psd_bin,0.4830140837092989,0.48841504297401217,350.8451650189924,272.84739031507456,77.99777470391786,77.99777470391786
P8_beta_abs_mean,frequency_band,0.48262111724091084,0.4885916272426053,1830.0264238601494,2152.225787920541,-322.1993640603914,322.1993640603914
O2_beta_alpha_ratio_mean,band_ratio,0.4789571392786915,0.4902432356170281,1.672587413469188,1.5618864282962817,0.11070098517290639,0.11070098517290639
Fz_psd_18hz_std,psd_bin,0.47842959849172184,0.4904818050886959,223.98235419250628,146.20228846697145,77.78006572553483,77.78006572553483
T8_psd_14hz_mean,psd_bin,0.47682618669451615,0.49120811226010186,134.86159871103752,150.90591864583814,-16.044319934800626,16.044319934800626
O1_gamma_abs_mean,frequency_band,0.47634381816958327,0.4914269670881015,626.3548327021391,516.0433127740946,110.3115199280445,110.3115199280445
C3_psd_6hz_std,psd_bin,0.47565926556388416,0.4917378359875709,1279.842519376637,1675.456913027919,-395.61439365128194,395.61439365128194
Fp1_psd_8hz_std,psd_bin,0.4750395040514711,0.4920195672172486,780.9879420001969,984.6008694284371,-203.61292742824025,203.61292742824025
P8_delta_rel_std,frequency_band,0.47461663045485736,0.49221195297460474,0.14149617887225904,0.13741595756850847,0.004080221303750575,0.004080221303750575
C3_kurtosis_std,time_domain,0.4730963159328423,0.4929046648947004,2.213951469404572,1.8838667516254255,0.3300847177791464,0.3300847177791464
Fp2_delta_rel_mean,frequency_band,0.472470537798502,0.493190269866007,0.5811173892746746,0.5946215349812394,-0.013504145706564774,0.013504145706564774
P4_psd_10hz_std,psd_bin,0.47007165617195057,0.4942877084413808,512.9781040004366,645.8034170011482,-132.82531300071162,132.82531300071162
Pz_psd_14hz_mean,psd_bin,0.46837838885601457,0.49506482788589945,196.25225570802294,217.21165216026796,-20.959396452245016,20.959396452245016
P8_psd_30hz_std,psd_bin,0.46775415367676265,0.4953518398001261,67.05997363819644,91.24380490310422,-24.18383126490778,24.18383126490778
T8_psd_20hz_std,psd_bin,0.46384153478865214,0.49715722651854966,128.02132531883873,224.6387716395098,-96.61744632067106,96.61744632067106
Cz_psd_14hz_mean,psd_bin,0.4629390025795471,0.497575263375322,175.00198258009007,197.19422003267158,-22.19223745258151,22.19223745258151
C3_psd_26hz_mean,psd_bin,0.4628679417714577,0.4976082028259723,40.11117915507918,36.275240591918006,3.8359385631611715,3.8359385631611715
Fp2_psd_26hz_mean,psd_bin,0.45978464400531094,0.4990410096892085,128.34669573803663,109.86889810044609,18.47779763759054,18.47779763759054
Fp2_gamma_abs_mean,frequency_band,0.45845190834397,0.49966250659114797,471.9128551842985,407.8439877949157,64.06886738938283,64.06886738938283
Fp2_gamma_rel_std,frequency_band,0.45459067381787777,0.5014705987766308,0.00942991404820217,0.008725765714031363,0.0007041483341708073,0.0007041483341708073
Pz_alpha_abs_std,frequency_band,0.44933717057782574,0.5039486903339884,1540.6977267732195,1945.3282912828943,-404.63056450967474,404.63056450967474
O2_gamma_rel_std,frequency_band,0.44556491296873596,0.5057410785768623,0.012029824158936386,0.011145692375297354,0.0008841317836390319,0.0008841317836390319
Fp2_psd_8hz_std,psd_bin,0.4438017273445832,0.506582626559791,822.9501684320795,1161.9300052071483,-338.97983677506875,338.97983677506875
C3_beta_abs_std,frequency_band,0.44185587190285214,0.5075141709540285,934.780013730423,1573.3137450693112,-638.5337313388882,638.5337313388882
Fz_psd_26hz_std,psd_bin,0.4368964041233934,0.5099018887202116,92.69120178385654,56.079972562620846,36.611229221235696,36.611229221235696
F8_line_length_std,time_domain,0.4368626276073101,0.5099182170774967,2847.07846069514,3255.4323656596907,-408.35390496455057,408.35390496455057
F7_psd_18hz_std,psd_bin,0.4362783335750541,0.5102008223154051,127.15750572995529,170.86485402073862,-43.70734829078333,43.70734829078333
Fp2_psd_24hz_mean,psd_bin,0.4314390368031886,0.5125519593720245,166.12137804767613,146.32863321029552,19.79274483738061,19.79274483738061
O2_alpha_rel_std,frequency_band,0.43044655814221733,0.51303648326538,0.04302957876419535,0.04146276834248289,0.0015668104217124584,0.0015668104217124584
Fp2_kurtosis_mean,time_domain,0.42896893777068745,0.513759335782682,2.806009963654063,2.5991613052963,0.20684865835776334,0.20684865835776334
T7_psd_18hz_std,psd_bin,0.4279611274283548,0.514253379709909,94.72202684174128,131.9117831614487,-37.18975631970743,37.18975631970743
C3_psd_4hz_std,psd_bin,0.4275277234229445,0.514466096775285,2823.249716189094,3328.639987904298,-505.39027171520365,505.39027171520365
Fp2_hjorth_activity_std,hjorth,0.42448918287644866,0.5159617716602385,59036.79011406969,68933.28544354814,-9896.49532947845,9896.49532947845
P4_psd_28hz_mean,psd_bin,0.4240538821519942,0.5161766668968646,40.70700774547633,52.48077789456675,-11.773770149090417,11.773770149090417
C4_psd_24hz_std,psd_bin,0.42361568281589024,0.5163931520215473,62.827062371775106,100.98619912970963,-38.159136757934526,38.159136757934526
P8_delta_abs_std,frequency_band,0.41847693877358166,0.5189438428908064,31569.777548019872,39708.622963647,-8138.845415627129,8138.845415627129
C4_theta_alpha_ratio_mean,band_ratio,0.41686333069075826,0.5197493722480313,2.1588282159604226,2.294818071794383,-0.1359898558339605,0.1359898558339605
F4_mean_mean,time_domain,0.4167341911855324,0.5198139355601985,-1.1976986747370094e-17,-6.698338484869157e-17,5.500639810132148e-17,5.500639810132148e-17
Cz_zero_crossing_rate_std,time_domain,0.4135129793030888,0.5214289897971477,0.01804324654727329,0.018694181278759246,-0.000650934731485954,0.000650934731485954
F8_gamma_abs_std,frequency_band,0.4097646149717849,0.523319595690685,209.1814069852701,363.7547060827635,-154.57329909749342,154.57329909749342
Fz_psd_14hz_mean,psd_bin,0.4039190031072485,0.5262925181230182,242.8919407991496,217.0059707883474,25.885970010802197,25.885970010802197
Fp1_psd_24hz_std,psd_bin,0.4006168662399973,0.5279852937491639,102.62408686774732,91.90815000981155,10.715936857935773,10.715936857935773
P4_mean_mean,time_domain,0.40034431926556574,0.5281254464662151,-4.8820972928533185e-18,4.337649929906561e-17,-4.825859659191893e-17,4.825859659191893e-17
P8_theta_alpha_ratio_std,band_ratio,0.39976947408552643,0.5284212704644802,1.52330234939499,1.3093522497791144,0.21395009961587563,0.21395009961587563
C3_psd_16hz_std,psd_bin,0.39916843717920986,0.5287308921194329,202.18874901166754,298.2592432235525,-96.07049421188498,96.07049421188498
F7_beta_abs_std,frequency_band,0.3990783443054059,0.5287773312340078,1362.039962276602,1987.7416928998146,-625.7017306232126,625.7017306232126
Fp1_psd_26hz_std,psd_bin,0.39574749293725897,0.5304994214450339,77.20552946968294,93.98458026528829,-16.779050795605343,16.779050795605343
F4_psd_16hz_mean,psd_bin,0.39427916683781045,0.531261782960835,197.54793679316046,223.8742851577397,-26.326348364579246,26.326348364579246
O2_psd_16hz_mean,psd_bin,0.3940006023921138,0.531406638532426,506.11628302253064,469.3329138794386,36.783369143092045,36.783369143092045
O1_psd_10hz_std,psd_bin,0.3939315621306716,0.5314425510330195,537.568335285597,636.8139236867898,-99.24558840119289,99.24558840119289
T8_psd_16hz_mean,psd_bin,0.39296447970083687,0.5319460581579174,138.69051484281334,162.8143072620041,-24.12379241919075,24.12379241919075
F3_delta_rel_std,frequency_band,0.38994333510003476,0.5335245893960807,0.13249865948599918,0.1293284391959554,0.003170220290043768,0.003170220290043768
C3_psd_14hz_std,psd_bin,0.388751090667412,0.534149873884986,169.52955706779738,243.11307542410765,-73.58351835631026,73.58351835631026
Fz_alpha_abs_mean,frequency_band,0.3839035016671023,0.5367060498253748,2450.861319114838,2271.4857444993613,179.37557461547658,179.37557461547658
Pz_psd_16hz_mean,psd_bin,0.3831332346270723,0.5371142763735749,168.45175059399585,190.408071799576,-21.95632120558014,21.95632120558014
Pz_psd_8hz_std,psd_bin,0.3830873028976176,0.5371386372506397,791.4808439960993,1001.4329813846058,-209.95213738850646,209.95213738850646
P8_theta_beta_ratio_mean,band_ratio,0.3806557116957241,0.5384311804218973,1.7700591023822745,2.058003502451472,-0.2879444000691973,0.2879444000691973
O2_skew_std,time_domain,0.379918047823996,0.5388244235970515,0.45974993213285736,0.49111793791586517,-0.0313680057830078,0.0313680057830078
P8_psd_2hz_mean,psd_bin,0.37725144792227744,0.5402503824657626,6334.918151116029,7754.984271340714,-1420.0661202246856,1420.0661202246856
P3_psd_10hz_std,psd_bin,0.3765639000047711,0.540619174412956,614.7716205294684,724.2385850260057,-109.46696449653734,109.46696449653734
O1_psd_28hz_mean,psd_bin,0.37595342635391243,0.540947013908369,121.68734168945339,102.7335787580658,18.953762931387587,18.953762931387587
O2_gamma_rel_mean,frequency_band,0.3730961124424782,0.5424863545859421,0.030280166908386405,0.02773663651445579,0.002543530393930616,0.002543530393930616
O1_beta_abs_std,frequency_band,0.3725537375572271,0.5427794670111776,1633.8115275824453,2256.8379322744995,-623.0264046920543,623.0264046920543
T7_psd_16hz_mean,psd_bin,0.3704143852410241,0.5439384914374125,116.27566043440528,135.05730642356224,-18.781645989156956,18.781645989156956
T7_mean_mean,time_domain,0.3701785632963857,0.54406653226174,8.169208710079284e-17,2.4210090983551994e-17,5.748199611724085e-17,5.748199611724085e-17
F8_psd_24hz_std,psd_bin,0.36740304640636556,0.5455777343054795,83.4848346788619,119.46194539270203,-35.97711071384013,35.97711071384013
Fp1_beta_alpha_ratio_std,band_ratio,0.36607651698017335,0.5463027602451969,0.6164808769893524,0.6590094084473096,-0.04252853145795721,0.04252853145795721
P7_zero_crossing_rate_std,time_domain,0.36603711174282305,0.5463243249853689,0.025617353973996147,0.0247657137535471,0.0008516402204490452,0.0008516402204490452
F3_psd_22hz_mean,psd_bin,0.3635165037127262,0.5477070521654472,98.26969923202402,89.40894742950091,8.860751802523112,8.860751802523112
Fp1_theta_abs_std,frequency_band,0.3584649272882913,0.550498007050098,6924.611319256846,7939.498948789231,-1014.8876295323844,1014.8876295323844
Fp2_psd_28hz_std,psd_bin,0.3570364234895916,0.551292096220843,90.84388635263112,138.13362382374473,-47.28973747111361,47.28973747111361
P7_psd_24hz_std,psd_bin,0.3555440761643068,0.5521239843192498,80.65585526253226,95.01363225701726,-14.357776994485008,14.357776994485008
P3_gamma_rel_std,frequency_band,0.354416652326835,0.5527540239374785,0.006049748842613809,0.005709970707827621,0.00033977813478618807,0.00033977813478618807
Fz_hjorth_mobility_std,hjorth,0.3529041958526843,0.5536013699299924,0.05445595524975499,0.05674070178968249,-0.0022847465399275027,0.0022847465399275027
P8_psd_28hz_mean,psd_bin,0.351339031063017,0.554480839544572,76.6088959309663,91.45308111669307,-14.844185185726772,14.844185185726772
P3_psd_28hz_mean,psd_bin,0.34899611465869024,0.5558022964232476,61.048947518643246,77.28783920504347,-16.238891686400223,16.238891686400223
Fp1_psd_24hz_mean,psd_bin,0.34225110873174625,0.559640364746864,124.26359840819006,113.44545852327543,10.818139884914629,10.818139884914629
C4_hjorth_mobility_std,hjorth,0.3413256457885054,0.5601709356083737,0.05605036540679781,0.05853238131281829,-0.002482015906020478,0.002482015906020478
Fp1_gamma_rel_std,frequency_band,0.34007249547489893,0.5608909126556842,0.008334794876994338,0.00774528504717688,0.000589509829817458,0.000589509829817458
F3_psd_10hz_std,psd_bin,0.3377206086689318,0.5622469697391014,397.30219585598405,464.59202386158734,-67.28982800560328,67.28982800560328
O2_psd_24hz_mean,psd_bin,0.33612856018024273,0.5631685119010232,163.65147774689768,146.23376479440938,17.4177129524883,17.4177129524883
Fz_psd_6hz_mean,psd_bin,0.3360671667270009,0.5632041073595143,1567.0957551257459,1457.7631055742304,109.33264955151549,109.33264955151549
C3_zero_crossing_rate_std,time_domain,0.33552419774338016,0.5635191061602514,0.01785467494628806,0.018333824348311857,-0.0004791494020237978,0.0004791494020237978
P8_line_length_std,time_domain,0.33392334451891853,0.5644498155078285,3154.767558138006,3557.6148600025613,-402.84730186455545,402.84730186455545
T8_psd_10hz_mean,psd_bin,0.3334383395609659,0.5647323775087201,404.30255454766655,363.7170719757267,40.58548257193985,40.58548257193985
C4_psd_16hz_mean,psd_bin,0.33293970375533743,0.5650231670154174,151.73992976194168,174.91381748991856,-23.173887727976876,23.173887727976876
C4_psd_22hz_std,psd_bin,0.33148374453013335,0.5658739054249543,83.47640306190706,120.8681516536033,-37.39174859169624,37.39174859169624
T7_psd_26hz_mean,psd_bin,0.3292469156288781,0.5671857835187544,50.57493543644239,46.029396676801646,4.545538759640742,4.545538759640742
Cz_beta_alpha_ratio_mean,band_ratio,0.32659249877177804,0.5687502911826978,0.7609271661882764,0.7265754259665812,0.03435174022169518,0.03435174022169518
P7_theta_rel_std,frequency_band,0.32270337508712454,0.57105785409327,0.06122267470996433,0.06317474297242119,-0.001952068262456863,0.001952068262456863
T7_T8_theta_rel_mean_diff,asymmetry,0.318792135942845,0.5733971894158189,0.018150367933825365,0.01290487820066062,0.005245489733164745,0.005245489733164745
Fp1_psd_18hz_std,psd_bin,0.3169451439429297,0.5745084806796783,149.7289447430867,183.37371634573816,-33.644771602651446,33.644771602651446
F8_kurtosis_mean,time_domain,0.3147395944728312,0.5758411153502537,2.0538992341840263,2.2087465076927875,-0.15484727350876115,0.15484727350876115
P3_gamma_abs_mean,frequency_band,0.31457707504931753,0.5759395556477177,284.0240556599022,329.86666074726514,-45.84260508736293,45.84260508736293
P7_theta_rel_mean,frequency_band,0.3123941272268849,0.5772650526638876,0.16463232865512178,0.15895346700837348,0.005678861646748301,0.005678861646748301
T7_psd_24hz_std,psd_bin,0.3121697203992824,0.5774016583924618,58.83217425993706,52.08136556537078,6.750808694566281,6.750808694566281
O1_psd_20hz_mean,psd_bin,0.31210476345199123,0.5774412124163458,160.31174834928564,180.89171359129884,-20.579965242013202,20.579965242013202
P7_P8_theta_rel_mean_diff,asymmetry,0.31187413133300096,0.5775816941902729,0.020962186444737105,0.015595726021935466,0.005366460422801639,0.005366460422801639
Fp2_psd_4hz_mean,psd_bin,0.31185767560201394,0.5775917202514418,4332.160506219814,3914.728691017948,417.4318152018659,417.4318152018659
Cz_psd_12hz_mean,psd_bin,0.3091305785735318,0.5792580920629473,260.6260713691756,243.20106097940348,17.425010389772098,17.425010389772098
Fp2_psd_2hz_mean,psd_bin,0.308989499145194,0.5793445594216499,15565.148318737798,13737.93992936797,1827.2083893698273,1827.2083893698273
Fp2_std_std,time_domain,0.3082556790552184,0.5797947343500995,83.11175833935867,89.43550906320363,-6.323750723844952,6.323750723844952
Fp2_rms_std,time_domain,0.3082556790552184,0.5797947343500995,83.11175833935867,89.43550906320363,-6.323750723844952,6.323750723844952
Pz_psd_22hz_mean,psd_bin,0.3015850670039289,0.5839194551549833,76.69800957502272,71.56895318757469,5.129056387448031,5.129056387448031
O2_psd_18hz_mean,psd_bin,0.3000648411616902,0.5848677866586052,212.98078968826044,182.17595839946455,30.804831288795896,30.804831288795896
P8_theta_rel_std,frequency_band,0.2981252040668119,0.5860823020272057,0.056217792258749115,0.05787959727420099,-0.0016618050154518782,0.0016618050154518782
F4_psd_4hz_mean,psd_bin,0.29718939317708787,0.5866701032012804,2354.4958868427498,2562.210404337768,-207.7145174950183,207.7145174950183
Cz_gamma_abs_mean,frequency_band,0.2959456395630783,0.5874531926170139,218.29346343086576,265.04497772009717,-46.75151428923141,46.75151428923141
P3_zero_crossing_rate_std,time_domain,0.2958924817636952,0.5874867092713535,0.01952717377924094,0.020002700177520216,-0.00047552639827927456,0.00047552639827927456
Fp1_alpha_abs_std,frequency_band,0.2928755273425189,0.5893953704168894,1481.13368999705,1805.6485678921715,-324.5148778951216,324.5148778951216
T7_psd_22hz_std,psd_bin,0.2886560436183799,0.5920862666318676,70.67312714701418,92.1966308077947,-21.52350366078052,21.52350366078052
Fp1_hjorth_mobility_std,hjorth,0.2883328778234453,0.5922934040706169,0.08392459711298485,0.08106413615524095,0.0028604609577438933,0.0028604609577438933
O1_gamma_abs_std,frequency_band,0.28808959280120827,0.592449439684082,445.1421784323438,349.9644173010584,95.17776113128542,95.17776113128542
T8_psd_4hz_std,psd_bin,0.28747085958885676,0.5928466595710056,2557.2205089596982,2942.783471681884,-385.5629627221856,385.5629627221856
Fp2_alpha_rel_mean,frequency_band,0.2848788912880648,0.5945166882416575,0.07031599145595191,0.0730271696069938,-0.002711178151041896,0.002711178151041896
Cz_theta_rel_std,frequency_band,0.2847587605477335,0.5945943263009423,0.07166311327656695,0.07333277358751021,-0.0016696603109432606,0.0016696603109432606
Fz_psd_20hz_std,psd_bin,0.28473497693952915,0.5946096996625566,256.9524494136391,161.36350205494034,95.58894735869876,95.58894735869876
Fp1_gamma_rel_mean,frequency_band,0.2839469701948329,0.5951195228520458,0.013811560143544708,0.012824823468003345,0.0009867366755413626,0.0009867366755413626
Fp2_gamma_rel_mean,frequency_band,0.2818888473082391,0.5964553863223343,0.016501420368538616,0.015329697527992474,0.0011717228405461414,0.0011717228405461414
T8_alpha_rel_std,frequency_band,0.2818372565604913,0.5964889526092654,0.04797416472664674,0.04567759201814008,0.00229657270850666,0.00229657270850666
T7_T8_hjorth_mobility_mean_diff,asymmetry,0.28135270749664637,0.5968044054682164,-0.03575213607046516,-0.046644736546479805,0.010892600476014647,0.010892600476014647
C4_psd_20hz_mean,psd_bin,0.28134644830015576,0.5968084826321823,108.24283985625094,129.85645924407763,-21.613619387826688,21.613619387826688
Fz_theta_abs_std,frequency_band,0.27749615402954403,0.5993276166258809,5042.334379433091,5925.067808160835,-882.7334287277436,882.7334287277436
Fz_psd_10hz_std,psd_bin,0.27556594099452064,0.6005989208132148,510.8653724708246,446.7844349860361,64.08093748478848,64.08093748478848
Fp2_theta_beta_ratio_mean,band_ratio,0.2752079195434948,0.6008353509019039,3.1326438870262128,2.9316924399603645,0.20095144706584822,0.20095144706584822
Fp2_mean_std,time_domain,0.27202376553677504,0.602946786917185,3.5631462892778864e-15,3.735339004060329e-15,-1.7219271478244286e-16,1.7219271478244286e-16
F8_psd_10hz_std,psd_bin,0.2702209645040082,0.6041492253888098,389.79245331570473,497.57971334226266,-107.78726002655793,107.78726002655793
F4_kurtosis_std,time_domain,0.269807500700828,0.6044257178645139,2.5621880602303366,2.163388928368659,0.3987991318616775,0.3987991318616775
C3_psd_28hz_std,psd_bin,0.26865098210096694,0.6052005407227196,28.771324995690765,38.06170985108345,-9.290384855392684,9.290384855392684
F8_psd_22hz_std,psd_bin,0.26741794391812035,0.6060289657308582,92.69721756432467,124.40202328497706,-31.704805720652388,31.704805720652388
C3_psd_10hz_std,psd_bin,0.2670605896511351,0.6062695095759584,671.3443243528669,604.5665847911218,66.77773956174508,66.77773956174508
F8_psd_10hz_mean,psd_bin,0.26646129930465,0.6066733651944918,343.39277052868397,372.75349101158406,-29.360720482900092,29.360720482900092
T7_kurtosis_std,time_domain,0.2651824557151653,0.6075370942041086,2.9148762946188236,2.6358862248246826,0.278990069794141,0.278990069794141
P3_beta_alpha_ratio_mean,band_ratio,0.26313869217020647,0.6089229423760336,0.8684694060192336,0.9018831578525358,-0.0334137518333022,0.0334137518333022
Pz_psd_14hz_std,psd_bin,0.261926990278428,0.6097477980825832,201.00815391057805,257.9306917879824,-56.92253787740438,56.92253787740438
Pz_psd_30hz_std,psd_bin,0.26088338266308564,0.6104601596012603,28.113979591410203,34.10728219095681,-5.993302599546606,5.993302599546606
Fp1_psd_16hz_std,psd_bin,0.2587851364253248,0.6118978739131649,213.68112316330976,292.2496439501516,-78.56852078684184,78.56852078684184
Fp1_psd_28hz_std,psd_bin,0.2579191111293969,0.6124934151969417,64.25598104733314,74.79471159463647,-10.53873054730333,10.53873054730333
T8_gamma_abs_std,frequency_band,0.25311788363462157,0.6158181201580338,358.0561450845332,502.93417530337354,-144.8780302188403,144.8780302188403
C4_theta_alpha_ratio_std,band_ratio,0.25284555930539576,0.6160078791947112,1.1678433836928468,1.2581524950906071,-0.09030911139776032,0.09030911139776032
P7_psd_28hz_mean,psd_bin,0.25259532211169095,0.6161823606846115,82.89611906128869,72.80198932199984,10.094129739288846,10.094129739288846
C4_psd_14hz_mean,psd_bin,0.2493600999293816,0.6184479839231442,170.85869483447237,185.93533207155116,-15.076637237078785,15.076637237078785
P7_psd_28hz_std,psd_bin,0.24485454930394798,0.6216340488942811,70.8935355516523,84.48441341257593,-13.590877860923626,13.590877860923626
Pz_psd_22hz_std,psd_bin,0.24265311052916583,0.6232040834709325,64.52345597589711,77.79508245575776,-13.271626479860657,13.271626479860657
C3_psd_26hz_std,psd_bin,0.23941164883033692,0.6255320558829885,32.921329263277045,41.90713819975518,-8.985808936478136,8.985808936478136
T7_psd_30hz_std,psd_bin,0.23762462004312818,0.6268238488518487,31.811689028563407,38.0942323862159,-6.282543357652493,6.282543357652493
F4_hjorth_mobility_std,hjorth,0.2372733897657937,0.6270784507387379,0.0634687637998437,0.06157151219412047,0.001897251605723231,0.001897251605723231
C4_psd_18hz_mean,psd_bin,0.23262074704039437,0.6304733159327787,119.76241996736262,137.77748486286242,-18.015064895499805,18.015064895499805
C4_mean_std,time_domain,0.2319647048452206,0.6309553700149988,2.8689965862096745e-15,2.997136628862435e-15,-1.281400426527603e-16,1.281400426527603e-16
C4_psd_30hz_std,psd_bin,0.2318932792340834,0.6310079036689209,37.27488804782523,50.73733714187093,-13.462449094045702,13.462449094045702
F8_psd_20hz_mean,psd_bin,0.2283593582228457,0.6336196595330819,119.92032308091387,141.9126082845801,-21.992285203666228,21.992285203666228
F4_zero_crossing_rate_std,time_domain,0.22801557078091786,0.6338750607866698,0.02001616909789407,0.019619260766964255,0.00039690833092981617,0.00039690833092981617
T8_skew_mean,time_domain,0.22658489465646653,0.6349404659515215,0.02294679134069249,0.0024216180662301467,0.020525173274462342,0.020525173274462342
T7_psd_26hz_std,psd_bin,0.22646311383719794,0.6350313450916047,47.040925294860465,56.2495691618446,-9.208643866984133,9.208643866984133
Pz_psd_24hz_std,psd_bin,0.2248628923441182,0.6362283097316628,56.157502051705045,49.40710285941985,6.750399192285194,6.750399192285194
F8_psd_18hz_mean,psd_bin,0.22422747563460735,0.6367050499602647,119.89703783246355,135.2217454016014,-15.324707569137843,15.324707569137843
O2_psd_20hz_mean,psd_bin,0.22308210549425764,0.6375664932438158,205.1872786126569,172.03794234223201,33.1493362704249,33.1493362704249
F7_beta_abs_mean,frequency_band,0.2229857140456106,0.6376391135844419,1740.0914857487455,1883.071641633561,-142.98015588481553,142.98015588481553
F4_theta_abs_mean,frequency_band,0.22240697007936475,0.6380755380023297,4618.340221831461,4919.402480593647,-301.0622587621856,301.0622587621856
C4_psd_30hz_mean,psd_bin,0.22229111268133792,0.6381629882515324,36.03765221099824,32.1810311920234,3.8566210189748418,3.8566210189748418
Fp2_ptp_mean,time_domain,0.2219210234541093,0.6384425220254275,1446.066849914857,1393.2704235401034,52.79642637475354,52.79642637475354
P8_line_length_mean,time_domain,0.22112127602192327,0.6390475581655776,20802.989252527994,20240.86034900499,562.1289035230038,562.1289035230038
P4_gamma_abs_mean,frequency_band,0.22062175164795061,0.6394261443435673,195.97617370885555,225.96087754208918,-29.984703833233624,29.984703833233624
C4_psd_28hz_mean,psd_bin,0.22009259314061905,0.6398277617610937,43.23900593479725,52.50688557414466,-9.267879639347413,9.267879639347413
C3_psd_14hz_mean,psd_bin,0.21841939885176123,0.6411015654341428,162.79758168067835,176.93021972060646,-14.13263803992811,14.13263803992811
Fp2_theta_rel_mean,frequency_band,0.21825663803405435,0.6412257926566078,0.15600719774628294,0.15275304345661006,0.003254154289672878,0.003254154289672878
T8_gamma_abs_mean,frequency_band,0.21562529549424733,0.6432420495404843,380.54690239352595,342.9166687191745,37.63023367435147,37.63023367435147
O1_psd_24hz_std,psd_bin,0.21427130524441254,0.6442853794174225,114.03196200519633,102.05394119454692,11.978020810649411,11.978020810649411
F8_beta_abs_mean,frequency_band,0.21425289788957386,0.6442995909587403,1732.9986302077593,1912.1677813372746,-179.16915112951528,179.16915112951528
O2_psd_26hz_std,psd_bin,0.21252246389394916,0.6456389129786981,167.72317577436434,119.58774290053832,48.13543287382602,48.13543287382602
F4_psd_6hz_mean,psd_bin,0.20903342018634916,0.6483596225398469,1124.608943285663,1200.0013501324415,-75.39240684677861,75.39240684677861
Pz_gamma_abs_std,frequency_band,0.20749741297305582,0.6495660988117178,140.99803219494538,197.69232944038245,-56.69429724543707,56.69429724543707
C4_beta_rel_std,frequency_band,0.20585000458562788,0.6508660912936107,0.02993862216259559,0.028821905177857668,0.0011167169847379234,0.0011167169847379234
Fp1_theta_beta_ratio_std,band_ratio,0.20571739198014627,0.6509710105177727,2.603336170359194,2.7778687691318624,-0.17453259877266847,0.17453259877266847
O2_gamma_abs_std,frequency_band,0.20531748093121407,0.6512876558342688,626.2243866385904,435.28009701899106,190.94428961959937,190.94428961959937
Fp2_std_mean,time_domain,0.20486797292448827,0.6516440160063169,207.33754672093198,200.32503520917453,7.012511511757452,7.012511511757452
Fp2_rms_mean,time_domain,0.20486797292448827,0.6516440160063169,207.33754672093198,200.32503520917453,7.012511511757452,7.012511511757452
P7_gamma_abs_mean,frequency_band,0.2047570022597369,0.6517320637067305,327.89255717902563,350.108259917867,-22.215702738841344,22.215702738841344
Pz_psd_18hz_std,psd_bin,0.2041993114994992,0.6521749897631719,123.36170331384366,149.9760054165975,-26.61430210275384,26.61430210275384
P4_alpha_abs_mean,frequency_band,0.20390942031428766,0.6524055136110991,2360.0808024656353,2565.947053824831,-205.86625135919576,205.86625135919576
F4_gamma_abs_mean,frequency_band,0.2023452486029374,0.6536527752925813,225.02512421398845,199.60130855506134,25.42381565892711,25.42381565892711
Fp1_psd_6hz_std,psd_bin,0.1973758970178931,0.6576542154281562,1956.8928045563528,2208.364566154817,-251.47176159846435,251.47176159846435
F8_psd_12hz_std,psd_bin,0.1957219383230049,0.6589994094160996,211.560462399523,237.69358354719262,-26.133121147669613,26.133121147669613
O2_psd_28hz_std,psd_bin,0.1942528204134148,0.6601999867523034,202.92988933796963,133.98957786054964,68.94031147741998,68.94031147741998
F3_psd_14hz_mean,psd_bin,0.18787156232675914,0.6654787255935115,186.85647527886547,201.48180081382486,-14.625325534959387,14.625325534959387
O2_psd_8hz_std,psd_bin,0.1864247342603294,0.6666903688188797,821.6424115960547,1101.1043319675543,-279.4619203714997,279.4619203714997
F4_theta_rel_std,frequency_band,0.18587006440257606,0.6671563567695433,0.06963993461341084,0.06836425942128717,0.001275675192123668,0.001275675192123668
O2_ptp_std,time_domain,0.18555909672768475,0.6674179673996765,423.04648758572006,457.65452812946637,-34.60804054374631,34.60804054374631
Pz_mean_mean,time_domain,0.18503630154480366,0.6678583710683306,-1.0650388980253683e-17,-5.074479516896525e-17,4.009440618871156e-17,4.009440618871156e-17
P4_psd_22hz_std,psd_bin,0.1822735550187049,0.670198052018227,74.32169538547974,93.15056956762484,-18.8288741821451,18.8288741821451
P4_psd_10hz_mean,psd_bin,0.1820673577296265,0.6703735135684746,676.6721336564824,619.313144284092,57.3589893723904,57.3589893723904
Fz_psd_16hz_mean,psd_bin,0.1816936969634686,0.6706917763222796,204.06595068529217,187.76487512394837,16.301075561343794,16.301075561343794
F8_psd_16hz_mean,psd_bin,0.17891814778451773,0.6730680321574489,212.3878955358481,229.13903373112555,-16.751138195277463,16.751138195277463
Fp1_Fp2_hjorth_mobility_mean_diff,asymmetry,0.17820460768400836,0.6736824331685629,-0.013556461857108798,-0.01939132312955043,0.005834861272441634,0.005834861272441634
C4_psd_22hz_mean,psd_bin,0.1759573144374756,0.6756270185759488,93.5570738545255,85.37654608252097,8.180527772004524,8.180527772004524
T8_psd_26hz_std,psd_bin,0.17414028724359729,0.6772100100548211,85.28613151105596,105.12849101589109,-19.84235950483513,19.84235950483513
F3_psd_12hz_std,psd_bin,0.17250045329281471,0.6786469857865007,246.72398888232362,280.0926402668931,-33.36865138456949,33.36865138456949
T8_theta_rel_std,frequency_band,0.17190864429178587,0.6791675525204786,0.06013875294886709,0.05894227894386617,0.0011964740050009193,0.0011964740050009193
P7_gamma_abs_std,frequency_band,0.17126756341712254,0.6797326471899197,265.5972244252966,322.3476800628119,-56.7504556375153,56.7504556375153
T8_psd_10hz_std,psd_bin,0.17106959738203176,0.679907399198806,411.5378702222516,491.6918750977517,-80.15400487550005,80.15400487550005
Fp1_beta_rel_std,frequency_band,0.17005857165303456,0.6808017226603176,0.05102402240230784,0.04919987256157273,0.0018241498407351106,0.0018241498407351106
T7_psd_30hz_mean,psd_bin,0.1694324130678238,0.681357166415755,35.693007542399904,32.90038085225196,2.792626690147941,2.792626690147941
Cz_beta_rel_std,frequency_band,0.1685280855945296,0.68216148885222,0.026942575509434345,0.02795196672459915,-0.0010093912151648045,0.0010093912151648045
O2_beta_abs_mean,frequency_band,0.16329400245844128,0.686867047928775,3311.867421036792,2975.237312073353,336.63010896343894,336.63010896343894
F3_psd_22hz_std,psd_bin,0.16328166558176646,0.6868782421799338,88.25049804615823,105.0986117932142,-16.848113747055976,16.848113747055976
F4_psd_26hz_std,psd_bin,0.16300614955603704,0.6871283686696563,59.15408420127738,74.94884843186857,-15.794764230591191,15.794764230591191
F8_theta_alpha_ratio_mean,band_ratio,0.16294089486121796,0.6871876460097835,2.7811897573884368,2.8554175446775116,-0.07422778728907486,0.07422778728907486
T8_psd_12hz_std,psd_bin,0.1628461736574081,0.6872737153057444,218.3633835470608,194.41929033157115,23.94409321548966,23.94409321548966
C3_mean_mean,time_domain,0.1627735593212259,0.6873397167243274,4.604979573070854e-17,8.038912433644809e-17,-3.433932860573955e-17,3.433932860573955e-17
P3_alpha_abs_mean,frequency_band,0.1615601648726605,0.688445152866933,2650.9748616675192,2833.247048641772,-182.2721869742527,182.2721869742527
P8_psd_10hz_std,psd_bin,0.16096370061162213,0.6889903184776988,365.664235363827,445.9142614390488,-80.2500260752218,80.2500260752218
Fp1_psd_22hz_mean,psd_bin,0.15999041254327295,0.6898824253076699,148.86122257990058,139.8196401177552,9.041582462145385,9.041582462145385
P8_psd_4hz_mean,psd_bin,0.15855315468982625,0.6912055825282764,1639.1365858830625,1835.6092346048256,-196.4726487217631,196.4726487217631
Pz_line_length_mean,time_domain,0.15756503658552687,0.6921192956085118,21092.469156950334,20735.918413942836,356.55074300749766,356.55074300749766
P4_psd_12hz_std,psd_bin,0.1563168634353096,0.6932782392400102,216.30609024474776,242.09933496484084,-25.79324472009307,25.79324472009307
P4_psd_26hz_mean,psd_bin,0.15503640193103174,0.6944727415121433,47.32427608741695,51.54111097018624,-4.216834882769291,4.216834882769291
O1_psd_30hz_mean,psd_bin,0.15468173223977294,0.6948046098146994,96.08131864921879,86.31920890466861,9.762109744550173,9.762109744550173
Fz_theta_rel_std,frequency_band,0.15432835873471365,0.6951357028822254,0.07717782875358788,0.0757756769810206,0.0014021517725672783,0.0014021517725672783
T8_psd_28hz_mean,psd_bin,0.15426553016821182,0.6951946159118783,73.63424424375445,82.79457913403901,-9.16033489028456,9.16033489028456
C3_psd_12hz_std,psd_bin,0.15296771104646872,0.6964146663572075,243.84763699601015,277.3117328941561,-33.46409589814593,33.46409589814593
O1_psd_24hz_mean,psd_bin,0.15216694230848046,0.6971704332683107,135.24263084715164,123.91099599091798,11.331634856233663,11.331634856233663
F7_psd_24hz_mean,psd_bin,0.1494238668354112,0.6997768707282053,95.05645437687807,88.88010942409022,6.176344952787844,6.176344952787844
F8_psd_22hz_mean,psd_bin,0.14514235090372726,0.7039006986928709,105.39229131542591,97.78304873313176,7.609242582294144,7.609242582294144
Fp1_psd_14hz_mean,psd_bin,0.14432829862861155,0.7046926335611097,211.42224340613396,222.31303955449226,-10.890796148358305,10.890796148358305
C3_psd_18hz_std,psd_bin,0.1415738293131261,0.7073913919091036,104.54935821761731,125.3170764000272,-20.767718182409894,20.767718182409894
Fz_psd_4hz_std,psd_bin,0.14032505641066859,0.7086247947164498,3308.4304677420632,3676.9341033019423,-368.50363555987906,368.50363555987906
Fp2_psd_26hz_std,psd_bin,0.13754499161079425,0.7113933141975495,99.57038794286213,115.68693496068954,-16.116547017827415,16.116547017827415
F4_psd_22hz_std,psd_bin,0.13700688928488156,0.711932853783343,124.80338855241298,106.02118969662644,18.782198855786547,18.782198855786547
O1_psd_26hz_std,psd_bin,0.13698702926301,0.7119527899064535,112.37657009182736,97.61000026354539,14.766569828281973,14.766569828281973
Pz_psd_20hz_mean,psd_bin,0.13615418563785012,0.7127903097388362,97.82393863487253,105.09470083270412,-7.270762197831587,7.270762197831587
Fp1_psd_12hz_mean,psd_bin,0.13529325832359698,0.7136591383981289,272.65954731871017,261.69335297808436,10.966194340625805,10.966194340625805
F8_psd_30hz_std,psd_bin,0.13528095813609578,0.7136715742046063,41.80702502852449,50.36563125348082,-8.558606224956328,8.558606224956328
Pz_psd_10hz_mean,psd_bin,0.1346421978247232,0.7143182622235045,789.3662853513416,733.0476813377676,56.31860401357403,56.31860401357403
F7_kurtosis_mean,time_domain,0.13383055142885186,0.7151425000702606,1.9996045813775953,2.086678524195132,-0.08707394281753644,0.08707394281753644
F7_hjorth_complexity_std,hjorth,0.13303908084160426,0.7159489850722977,0.6364998977270211,0.6558976573806926,-0.01939775965367152,0.01939775965367152
O2_psd_2hz_std,psd_bin,0.1322093040625431,0.7167974294206192,9830.41225361778,11201.811805710791,-1371.3995520930112,1371.3995520930112
C3_theta_rel_std,frequency_band,0.1317465734688236,0.7172718810679075,0.07095594419285696,0.06985648267288787,0.0010994615199690916,0.0010994615199690916
F4_std_mean,time_domain,0.13165179430633628,0.7173691774154185,161.38607720252352,165.50389339343604,-4.117816190912521,4.117816190912521
F4_rms_mean,time_domain,0.13165179430633628,0.7173691774154185,161.38607720252352,165.50389339343604,-4.117816190912521,4.117816190912521
F7_psd_20hz_mean,psd_bin,0.13030400883327087,0.7187570714214113,118.05987946990456,129.43438835141058,-11.374508881506017,11.374508881506017
F7_theta_rel_std,frequency_band,0.1301402032873949,0.7189263042273473,0.06369251374337326,0.06261778028428845,0.0010747334590848062,0.0010747334590848062
F3_psd_18hz_mean,psd_bin,0.12736251928101258,0.7218145477790996,124.93167162620738,131.88899331575817,-6.957321689550795,6.957321689550795
P8_psd_10hz_mean,psd_bin,0.12726161538228936,0.7219201341801342,350.89572397703273,315.1104013236721,35.78532265336065,35.78532265336065
P3_psd_12hz_mean,psd_bin,0.1262039164782474,0.723029769214683,292.8227541408291,308.45978125520855,-15.637027114379464,15.637027114379464
C4_beta_abs_mean,frequency_band,0.12440174471198727,0.7249325690960668,1631.6083098629044,1775.245266763749,-143.63695690084455,143.63695690084455
O1_psd_22hz_std,psd_bin,0.12430979273380943,0.7250300702140442,124.28483898533196,139.6481224905928,-15.363283505260853,15.363283505260853
Fz_delta_rel_std,frequency_band,0.12271046315266393,0.7267324467257638,0.12819852707346657,0.12999401096941132,-0.0017954838959447494,0.0017954838959447494
O2_psd_8hz_mean,psd_bin,0.12246245847134095,0.726997545177867,723.2041789783686,790.6608844130843,-67.45670543471567,67.45670543471567
Cz_psd_30hz_mean,psd_bin,0.12200413757648647,0.7274882506028271,37.856133733791665,42.01873752525282,-4.162603791461152,4.162603791461152
F7_gamma_abs_std,frequency_band,0.12182447024576566,0.727680895431227,293.24759550954275,250.38944034739092,42.85815516215183,42.85815516215183
T8_psd_30hz_std,psd_bin,0.12128492958938504,0.7282603678775568,68.38829392690684,78.91038884982721,-10.522094922920374,10.522094922920374
Fz_theta_abs_mean,frequency_band,0.1201052147208961,0.7295324523059679,5961.71660559364,6211.249491659983,-249.53288606634214,249.53288606634214
C3_psd_30hz_std,psd_bin,0.11991423188266112,0.7297390466028172,22.650868492291366,26.288567008302746,-3.6376985160113797,3.6376985160113797
F7_psd_18hz_mean,psd_bin,0.11897224680626525,0.7307607391759314,120.78534952700738,127.69998936076435,-6.914639833756965,6.914639833756965
F4_psd_30hz_std,psd_bin,0.11814618110378593,0.7316604379275597,39.36513285916164,47.63534999992364,-8.270217140762,8.270217140762
C4_line_length_std,time_domain,0.11750123553473767,0.7323653217183159,2567.2012418668382,2769.350840297007,-202.14959843016868,202.14959843016868
T7_T8_beta_rel_mean_diff,asymmetry,0.1173745089021756,0.732504079897438,-0.017986676559107042,-0.021905698941503897,0.003919022382396855,0.003919022382396855
F8_mean_mean,time_domain,0.11617880946737677,0.7338174434316608,-3.689096733098197e-17,-9.785859175503187e-18,-2.7105108155478785e-17,2.7105108155478785e-17
P7_delta_rel_std,frequency_band,0.11609316418478831,0.7339118059692779,0.13358987089133764,0.1315624745551633,0.002027396336174353,0.002027396336174353
P4_theta_rel_std,frequency_band,0.11474792028972815,0.7353991024281586,0.06577455547242189,0.06667290134527441,-0.0008983458728525212,0.0008983458728525212
O2_psd_24hz_std,psd_bin,0.11435317659409411,0.7358373738827712,152.86206805793282,131.77349281241908,21.088575245513738,21.088575245513738
F8_skew_std,time_domain,0.11226078974638422,0.7381746880114131,0.6666353842576699,0.6845683479769384,-0.017932963719268558,0.017932963719268558
F7_F8_hjorth_mobility_mean_diff,asymmetry,0.11057988227839727,0.7400699798014861,0.0033824750914048167,-0.001998638682120112,0.005381113773524929,0.005381113773524929
Fp1_psd_30hz_mean,psd_bin,0.1101750571509596,0.7405288256010178,59.565606068733096,55.86743715878667,3.6981689099464248,3.6981689099464248
O1_O2_theta_rel_mean_diff,asymmetry,0.10784640985518472,0.7431865752878013,0.012114330710671447,0.009549324122737091,0.0025650065879343556,0.0025650065879343556
P4_psd_22hz_mean,psd_bin,0.10768183262131967,0.7433756109496452,83.68200068783095,78.62827326900621,5.053727418824735,5.053727418824735
P8_ptp_std,time_domain,0.10579506138410429,0.7455543178340176,470.73679844059257,498.4307307302059,-27.693932289613315,27.693932289613315
P4_psd_12hz_mean,psd_bin,0.10413478347795314,0.7474893392953788,261.95727026664787,274.5326886409854,-12.575418374337517,12.575418374337517
C4_kurtosis_std,time_domain,0.10356710410011963,0.7481548660051582,2.2520217806621274,2.417526470807317,-0.16550469014518976,0.16550469014518976
Fp2_psd_30hz_std,psd_bin,0.10300092849264447,0.7488206390799048,67.30245531004135,76.4269409072076,-9.124485597166242,9.124485597166242
F4_beta_abs_mean,frequency_band,0.10200814729073295,0.749992956166559,2113.396563990126,1983.5519191544777,129.84464483564852,129.84464483564852
F4_psd_24hz_std,psd_bin,0.10197627871444302,0.7500306919155753,78.11288997367542,93.55359663067728,-15.440706657001854,15.440706657001854
F4_ptp_mean,time_domain,0.10059194352718767,0.7516762077102654,1030.702264343337,1056.5772197041645,-25.87495536082747,25.87495536082747
F7_line_length_mean,time_domain,0.0991076612849273,0.7534544406323356,20214.213751919146,19909.63453393606,304.579217983086,304.579217983086
O2_psd_30hz_mean,psd_bin,0.09875911329590767,0.753874136190858,87.02250743910422,94.23658244680142,-7.214075007697204,7.214075007697204
F3_psd_26hz_std,psd_bin,0.09800023261702119,0.7547907488918559,46.47405534495541,52.21372457020744,-5.73966922525203,5.73966922525203
O2_psd_12hz_mean,psd_bin,0.0972932162537992,0.7556482327388979,353.6052732127433,332.6265397909787,20.978733421764616,20.978733421764616
F4_psd_2hz_std,psd_bin,0.09617656525960415,0.7570095265834483,10548.294592635173,11496.00603832712,-947.7114456919462,947.7114456919462
P4_psd_30hz_mean,psd_bin,0.09598604772915767,0.7572426482375749,33.24065268673457,35.4793062429668,-2.2386535562322294,2.2386535562322294
Fp1_line_length_std,time_domain,0.09594719661572033,0.7572902184976396,3619.186685713948,3779.6838904578744,-160.49720474392643,160.49720474392643
O2_line_length_std,time_domain,0.09477061691089257,0.7587358847728696,3470.9096843915195,3218.3058807879884,252.6038036035311,252.6038036035311
T8_ptp_std,time_domain,0.09464711956034985,0.7588881952196802,565.1024886999401,590.5158971172322,-25.41340841729209,25.41340841729209
Pz_beta_abs_mean,frequency_band,0.09428109441119253,0.7593402578791815,1650.7217084290055,1730.7876441429148,-80.06593571390931,80.06593571390931
P4_kurtosis_std,time_domain,0.09394372252858234,0.7597577838375658,1.9543347994719007,1.8475250125562614,0.10680978691563925,0.10680978691563925
O2_psd_26hz_mean,psd_bin,0.09290072732818726,0.761053792416829,126.73286330802547,114.89794115697408,11.834922151051387,11.834922151051387
F3_psd_8hz_mean,psd_bin,0.09284486203847558,0.7611234337194468,812.6108840305423,853.2350398163691,-40.624155785826815,40.624155785826815
O1_beta_abs_mean,frequency_band,0.09229147342757968,0.7618145253524903,2772.580495792584,2943.2070396014537,-170.62654380886988,170.62654380886988
Fp2_psd_24hz_std,psd_bin,0.09084473909845238,0.7636320270626484,132.90348263908325,151.72175225264252,-18.818269613559266,18.818269613559266
O2_zero_crossing_rate_std,time_domain,0.0898192617459198,0.7649298998812472,0.02313805993050116,0.023509082208756624,-0.00037102227825546244,0.00037102227825546244
Fz_beta_abs_std,frequency_band,0.08850928828773755,0.7665996469579364,2109.2914023659405,1682.4907219491092,426.80068041683126,426.80068041683126
Fp2_gamma_abs_std,frequency_band,0.08730795458805653,0.7681427889471679,319.3979274468228,380.3401430561161,-60.94221560929333,60.94221560929333
O2_psd_28hz_mean,psd_bin,0.0868570300763276,0.7687249924893493,125.32562554596905,111.1998005640568,14.125824981912245,14.125824981912245
Fp1_gamma_abs_mean,frequency_band,0.08599268504465504,0.7698455887809821,351.69135080271013,332.83023891217897,18.861111890531163,18.861111890531163
F7_psd_24hz_std,psd_bin,0.08384667798500402,0.7726545480601139,98.42138196245763,91.18087566958076,7.240506292876873,7.240506292876873
P8_gamma_abs_mean,frequency_band,0.08333756105969402,0.7733266500549711,414.4166759063495,444.65339306916775,-30.236717162818252,30.236717162818252
C3_psd_22hz_std,psd_bin,0.08249691816079374,0.7744412988948737,75.09304750375085,87.6144434351525,-12.521395931401642,12.521395931401642
P4_alpha_rel_std,frequency_band,0.08081949241013733,0.7766840052260343,0.05306172190427273,0.05188984335506098,0.0011718785492117537,0.0011718785492117537
F3_psd_20hz_mean,psd_bin,0.08051759084691264,0.7770903109914393,111.90103028451392,118.83767470254443,-6.936644418030511,6.936644418030511
Fz_psd_8hz_std,psd_bin,0.0794498821037273,0.778533901060327,1034.0360621321813,936.1041687603581,97.93189337182321,97.93189337182321
Pz_alpha_abs_mean,frequency_band,0.07884525131314608,0.779356038950794,2670.5827443772355,2783.7365237084314,-113.15377933119589,113.15377933119589
Fp1_psd_30hz_std,psd_bin,0.07847509981964035,0.7798610273183572,52.93492506771606,49.55224827966053,3.3826767880555266,3.3826767880555266
T8_psd_18hz_mean,psd_bin,0.07832802102451923,0.7800620399547157,129.49469473553842,138.483032779699,-8.988338044160571,8.988338044160571
F4_line_length_std,time_domain,0.07825311650280689,0.780164490249266,2585.6848225889353,2755.0599182272717,-169.37509563833646,169.37509563833646
O2_psd_16hz_std,psd_bin,0.07791459216227652,0.7806281663060528,361.0211689197505,412.4373543166769,-51.41618539692638,51.41618539692638
Fp2_theta_abs_std,frequency_band,0.07752225691779802,0.7811669082422023,7201.610822039028,7718.5677281995,-516.9569061604725,516.9569061604725
O1_psd_26hz_mean,psd_bin,0.07614992745221846,0.7830629962210743,123.98697490912828,115.09117269678754,8.89580221234074,8.89580221234074
Fz_kurtosis_std,time_domain,0.07609726537319386,0.7831361223264547,2.032836408706262,1.9225621468369216,0.1102742618693402,0.1102742618693402
P7_mean_mean,time_domain,0.07432726917644993,0.7856099498571654,3.4411581766795265e-17,1.415963033428521e-17,2.0251951432510054e-17,2.0251951432510054e-17
C4_theta_rel_std,frequency_band,0.07411474883220516,0.785909098913203,0.06600573141420543,0.06680176120777019,-0.0007960297935647592,0.0007960297935647592
O1_beta_alpha_ratio_std,band_ratio,0.07322661362963946,0.7871642750756666,0.5272572258806681,0.5131138629412737,0.014143362939394444,0.014143362939394444
F3_psd_12hz_mean,psd_bin,0.0729279999354989,0.7875881321261096,241.51001892263523,233.3762661280776,8.133752794557637,8.133752794557637
Fp2_beta_abs_mean,frequency_band,0.07248661665424697,0.7882163482236052,2922.2982295831507,2779.944001257272,142.35422832587892,142.35422832587892
P8_theta_beta_ratio_std,band_ratio,0.07226363713184888,0.7885344930248409,1.32693901068108,1.1892350801030527,0.1377039305780272,0.1377039305780272
F8_psd_2hz_std,psd_bin,0.07184372406432736,0.7891350531837872,15950.364203100105,16992.962438857605,-1042.5982357574994,1042.5982357574994
F8_theta_rel_std,frequency_band,0.07158908878386779,0.7895001499899903,0.05985499180851456,0.059251027719027564,0.0006039640894869927,0.0006039640894869927
F4_psd_10hz_mean,psd_bin,0.07157191523451778,0.7895247985170818,485.051846266864,467.00546509274403,18.046381174119972,18.046381174119972
O2_mean_mean,time_domain,0.07095594244839407,0.7904109852971235,-4.367088875881203e-17,-1.8446578282142565e-17,-2.5224310476669464e-17,2.5224310476669464e-17
F7_psd_28hz_std,psd_bin,0.06893383023101333,0.793349483201707,60.006085702292744,65.80139060341376,-5.795304901121021,5.795304901121021
Fp2_psd_28hz_mean,psd_bin,0.06874710546855005,0.7936231411268755,101.75154218746513,95.06558833316666,6.685953854298475,6.685953854298475
O2_alpha_abs_std,frequency_band,0.06555850304351703,0.7983589872776309,1732.6905477238454,2011.8509232929441,-279.16037556909873,279.16037556909873
T7_psd_20hz_mean,psd_bin,0.06513873252489051,0.7989915249833512,92.57698891685968,87.76792377054157,4.809065146318105,4.809065146318105
T7_theta_rel_std,frequency_band,0.06492485076807698,0.7993146514096143,0.06632855437598856,0.06543117402810689,0.0008973803478816711,0.0008973803478816711
F8_psd_26hz_mean,psd_bin,0.06475164955102335,0.7995767346173486,62.85733060149596,66.18175576523365,-3.3244251637376863,3.3244251637376863
T7_psd_10hz_std,psd_bin,0.06348538127213271,0.8015042632661289,383.3160682085342,412.17786680224594,-28.86179859371174,28.86179859371174
Fp2_psd_12hz_std,psd_bin,0.06229183803168931,0.8033399042613122,261.3694701422874,247.9796050087906,13.389865133496812,13.389865133496812
Cz_alpha_rel_std,frequency_band,0.062097803673253744,0.8036400858088848,0.055234163261001945,0.054118317437917014,0.0011158458230849308,0.0011158458230849308
O2_beta_abs_std,frequency_band,0.06199457808170779,0.8037999844276036,2751.7849661446585,2223.5255262131845,528.2594399314739,528.2594399314739
Fp1_psd_8hz_mean,psd_bin,0.06167474364878451,0.8042963146883444,856.5922117361408,830.9218751610995,25.670336575041347,25.670336575041347
F3_psd_10hz_mean,psd_bin,0.06134708293277447,0.8048062096195607,484.70909822643546,470.15448699804836,14.554611228387103,14.554611228387103
T8_psd_2hz_std,psd_bin,0.060366831076420394,0.8063403367707932,14615.549764029594,15653.915700399988,-1038.3659363703937,1038.3659363703937
P8_alpha_abs_mean,frequency_band,0.05967987908915438,0.8074233298329385,1313.1141527014981,1404.1955348205659,-91.08138211906771,91.08138211906771
O1_O2_beta_rel_mean_diff,asymmetry,0.05959158539737871,0.8075630048834826,-0.013954453145172973,-0.017263500339078645,0.0033090471939056718,0.0033090471939056718
Fp1_psd_6hz_mean,psd_bin,0.05804736666498422,0.8100238202663144,1588.5526640039457,1535.064873299601,53.48779070434466,53.48779070434466
C3_beta_alpha_ratio_mean,band_ratio,0.05775398289734693,0.8104952497942102,0.7263498737109777,0.7417170648443341,-0.015367191133356384,0.015367191133356384
Pz_gamma_abs_mean,frequency_band,0.05729608012897967,0.8112335790813967,206.7229253293962,197.9774508283369,8.745474501059277,8.745474501059277
C4_psd_26hz_mean,psd_bin,0.05625233950529799,0.8129282699919144,48.78434215449181,51.59832680886354,-2.8139846543717297,2.8139846543717297
T8_line_length_std,time_domain,0.055332422247307854,0.8144357401986507,3455.2561257406014,3612.0326440902013,-156.77651834959988,156.77651834959988
Fp2_psd_8hz_mean,psd_bin,0.05517836369469658,0.8146894864902728,868.8655379897871,838.5753045880805,30.290233401706587,30.290233401706587
F4_alpha_rel_std,frequency_band,0.05510249061045915,0.814814592733116,0.04239754422620937,0.04178216833952718,0.0006153758866821943,0.0006153758866821943
C4_psd_24hz_mean,psd_bin,0.05420845462150308,0.816295658572874,69.39156288022325,65.94595115162382,3.445611728599431,3.445611728599431
F7_psd_10hz_mean,psd_bin,0.05274552856253428,0.818747203089383,360.26141302577616,371.66738900854307,-11.405975982766904,11.405975982766904
F3_alpha_abs_mean,frequency_band,0.05271815082554374,0.818793421450694,2024.7426554158508,2085.92614921374,-61.183493797889014,61.183493797889014
F8_psd_4hz_std,psd_bin,0.05221568297043245,0.8196439291313908,3601.4123932839734,3852.1298858710093,-250.71749258703585,250.71749258703585
F7_psd_26hz_std,psd_bin,0.05097375127570815,0.8217647577711942,75.20823233846376,70.2672381623879,4.940994176075861,4.940994176075861
Fp2_theta_rel_std,frequency_band,0.04993892316852719,0.8235527588346805,0.06004636466449137,0.06064426511811305,-0.0005979004536216803,0.0005979004536216803
Fp1_psd_22hz_std,psd_bin,0.04976040028920588,0.8238631770897902,122.4830528030028,130.89367780799523,-8.410625004992426,8.410625004992426
Fp1_psd_10hz_std,psd_bin,0.04962471959297217,0.8240994920237736,434.8261158825782,460.5255783524136,-25.699462469835396,25.699462469835396
Fp2_delta_abs_std,frequency_band,0.049618480348625205,0.824110367062919,53892.363463410446,56674.95923178615,-2782.595768375708,2782.595768375708
P3_beta_alpha_ratio_std,band_ratio,0.04948228460187668,0.8243479361618398,0.37286765754080886,0.3795595408147069,-0.006691883273898025,0.006691883273898025
Fp1_psd_4hz_std,psd_bin,0.049246433420963215,0.8247601496004909,5142.634027556424,5398.956887586532,-256.3228600301072,256.3228600301072
P4_psd_24hz_mean,psd_bin,0.04902810577612373,0.8251426604202201,63.90233885091847,66.59891720159673,-2.6965783506782657,2.6965783506782657
F3_zero_crossing_rate_std,time_domain,0.048422555600487104,0.8262082876190466,0.01917560720783356,0.019347475069032404,-0.00017186786119884404,0.00017186786119884404
T8_psd_12hz_mean,psd_bin,0.04837246476189503,0.8262967480305214,182.6647809205121,177.4952055706863,5.169575349825806,5.169575349825806
O2_alpha_abs_mean,frequency_band,0.04790288022101131,0.8271283808181644,2415.9290899598986,2303.8480195125835,112.08107044731514,112.08107044731514
Fp1_theta_rel_std,frequency_band,0.047306201374206956,0.8281912856209241,0.06529877435993084,0.06460415116622009,0.0006946231937107472,0.0006946231937107472
Fp2_theta_beta_ratio_std,band_ratio,0.0456035090976437,0.8312636080636981,2.442655588723842,2.364882448864839,0.07777313985900314,0.07777313985900314
Cz_psd_10hz_std,psd_bin,0.045394655170702,0.831644567025544,654.5157923354985,698.1469307260273,-43.631138390528804,43.631138390528804
Fz_psd_16hz_std,psd_bin,0.044915713648591093,0.832521652869257,239.58751889919787,272.1913161460113,-32.6037972468134,32.6037972468134
F4_psd_20hz_mean,psd_bin,0.04482839057082585,0.8326820937153334,153.13545535159597,143.6472466265181,9.488208725077868,9.488208725077868
C4_psd_12hz_std,psd_bin,0.043916694445342484,0.8343670243089579,259.6198273458638,245.1501184870298,14.469708858834025,14.469708858834025
O2_psd_14hz_std,psd_bin,0.04146544895384027,0.8389899356967575,296.096140048826,268.0560683665031,28.04007168232289,28.04007168232289
Fp2_psd_4hz_std,psd_bin,0.04126929669282559,0.839365951097246,5329.733233017296,5586.566026274197,-256.8327932569009,256.8327932569009
Fz_psd_12hz_std,psd_bin,0.040530852643256225,0.8407899293398862,323.10182850640655,301.5675521909058,21.534276315500733,21.534276315500733
T7_gamma_abs_std,frequency_band,0.040404097796397864,0.8410357110786345,163.05927274789707,180.24944134572394,-17.19016859782687,17.19016859782687
O1_beta_alpha_ratio_mean,band_ratio,0.04008228912770195,0.8416615167034232,1.3059288901175605,1.331332242626554,-0.025403352508993393,0.025403352508993393
Cz_mean_mean,time_domain,0.03992305138609681,0.8419721453035367,-5.619928642229427e-17,-4.2000119187037214e-17,-1.4199167235257057e-17,1.4199167235257057e-17
Fp1_kurtosis_mean,time_domain,0.03988021658394304,0.8420558140491455,2.6286449340227644,2.693773912041603,-0.06512897801883843,0.06512897801883843
T8_psd_24hz_std,psd_bin,0.039704507994070354,0.8423995137391849,106.81221568149999,118.14132197232766,-11.329106290827667,11.329106290827667
P8_psd_4hz_std,psd_bin,0.03901207356489119,0.8437617285786797,2457.354231216782,2652.9643901375616,-195.61015892077967,195.61015892077967
O2_psd_30hz_std,psd_bin,0.03878661729081977,0.8442079730660719,93.4273039499752,85.65298339129845,7.774320558676749,7.774320558676749
Fp2_delta_abs_mean,frequency_band,0.03878415110475055,0.844212861817499,40755.35364495309,42490.210575880235,-1734.856930927148,1734.856930927148
T8_alpha_abs_mean,frequency_band,0.03801397175057448,0.8457475773958982,1490.467212700905,1545.8637726401007,-55.39655993919564,55.39655993919564
F7_skew_std,time_domain,0.037672187481656426,0.8464338116701697,0.6592597604638947,0.6680567784824658,-0.008797018018571134,0.008797018018571134
F7_psd_30hz_std,psd_bin,0.036864581053897845,0.8480682715265819,47.49623136939738,44.57077446072951,2.9254569086678686,2.9254569086678686
C3_hjorth_mobility_std,hjorth,0.03682072078900555,0.848157566552302,0.054247669321342194,0.055027904564280264,-0.0007802352429380696,0.0007802352429380696
O2_gamma_abs_mean,frequency_band,0.03597860658529019,0.8498828408681802,674.071685366854,634.4873645924034,39.58432077445059,39.58432077445059
P8_psd_12hz_std,psd_bin,0.03475505792487297,0.8524272930922043,215.54426329745957,201.80986535402002,13.734397943439546,13.734397943439546
F3_psd_30hz_std,psd_bin,0.03452364986482264,0.8529137092111724,27.48857350042362,26.063277169360042,1.4252963310635778,1.4252963310635778
Fp1_mean_mean,time_domain,0.034107344864683684,0.8537930417935157,-3.1266325731557115e-17,-4.726237235550117e-17,1.5996046623944053e-17,1.5996046623944053e-17
O2_line_length_mean,time_domain,0.03399528076024468,0.8540306942022606,25696.734536180524,25960.900090843836,-264.1655546633119,264.1655546633119
Fp1_beta_alpha_ratio_mean,band_ratio,0.03313580623564485,0.8558669961076424,1.423275558908023,1.4496424578934952,-0.026366898985472176,0.026366898985472176
P8_psd_2hz_std,psd_bin,0.032843413048292934,0.8564973067567834,11557.451357875376,12329.908969037702,-772.4576111623264,772.4576111623264
O2_hjorth_mobility_std,hjorth,0.032709395681716685,0.8567871760580965,0.07187195005713719,0.07277266861874016,-0.0009007185616029673,0.0009007185616029673
O1_line_length_mean,time_domain,0.032462056459925025,0.8573237670731024,25786.408113549445,25482.07647242625,304.33164112319355,304.33164112319355
Fp2_line_length_std,time_domain,0.03236060742612225,0.8575444664448079,3872.7981653069605,3752.6361943617007,120.16197094525978,120.16197094525978
Fz_mean_mean,time_domain,0.03168349332184396,0.8590267462680412,-4.294440049505816e-19,1.5031968838255232e-17,-1.5461412843205814e-17,1.5461412843205814e-17
C3_psd_16hz_mean,psd_bin,0.03162711359527694,0.8591509019953409,269.24896147331935,262.2771977173583,6.971763755961035,6.971763755961035
O1_mean_mean,time_domain,0.03110581854548948,0.8603043150283878,4.067229635845198e-17,2.3208838507987213e-17,1.7463457850464764e-17,1.7463457850464764e-17
C4_psd_10hz_std,psd_bin,0.03093087607459797,0.8606936225533591,707.271650845349,749.4276637710518,-42.15601292570284,42.15601292570284
C4_psd_2hz_std,psd_bin,0.030927420589347606,0.8607013236224003,11450.264298725917,12094.495117988963,-644.2308192630462,644.2308192630462
P4_hjorth_mobility_std,hjorth,0.03032406010716772,0.8620528711367526,0.05702234964546051,0.057614714919889655,-0.0005923652744291436,0.0005923652744291436
Fp2_ptp_std,time_domain,0.029990334286472006,0.8628063845122902,663.5182972624649,676.9218986628156,-13.40360140035068,13.40360140035068
Fp2_hjorth_activity_mean,hjorth,0.029556919436611102,0.8637914605816794,59066.45510585433,60988.722912247016,-1922.267806392687,1922.267806392687
O2_psd_18hz_std,psd_bin,0.02821170059939863,0.8668972039732935,266.630214047274,236.1905645771889,30.43964947008513,30.43964947008513
F3_hjorth_mobility_std,hjorth,0.026076682269712582,0.871987033897245,0.05833935558440372,0.05892549823802755,-0.0005861426536238265,0.0005861426536238265
O2_psd_20hz_std,psd_bin,0.02561861502652177,0.873106630183133,254.48806262044877,223.30297204359883,31.185090576849944,31.185090576849944
Pz_psd_30hz_mean,psd_bin,0.02518202272392147,0.8741833355979769,33.55277389998044,32.75626521563886,0.7965086843415747,0.7965086843415747
Pz_psd_10hz_std,psd_bin,0.0244556044786164,0.8759962265992196,603.3012931224907,623.7642833774528,-20.46299025496205,20.46299025496205
O1_hjorth_mobility_std,hjorth,0.024373833050467884,0.8762020183567709,0.06806404347689042,0.06725966730080825,0.0008043761760821722,0.0008043761760821722
P8_psd_22hz_mean,psd_bin,0.023869957119988516,0.8774779873737943,113.28033293992328,117.12619830619437,-3.8458653662710844,3.8458653662710844
C4_alpha_rel_std,frequency_band,0.0234144441661823,0.8786434091507005,0.05784030159915304,0.058621042548627926,-0.0007807409494748827,0.0007807409494748827
Fp1_psd_4hz_mean,psd_bin,0.023184865852548735,0.8792351801459375,4019.87125196242,4121.839063541384,-101.9678115789643,101.9678115789643
F3_F4_hjorth_mobility_mean_diff,asymmetry,0.023157283700650774,0.8793064784904953,-0.012980954633923097,-0.01464303588157102,0.0016620812476479223,0.0016620812476479223
T7_psd_18hz_mean,psd_bin,0.023083883442214063,0.8794964260668277,102.37342291236065,99.73921369503869,2.634209217321967,2.634209217321967
Cz_alpha_abs_mean,frequency_band,0.022994545815434805,0.8797280343150795,2752.8632456766377,2818.9854336242925,-66.12218794765477,66.12218794765477
F3_psd_28hz_std,psd_bin,0.02286080076486455,0.8800756311827019,39.965125151172934,42.52860735239681,-2.563482201223877,2.563482201223877
C4_zero_crossing_rate_std,time_domain,0.022677154541519258,0.8805546179704125,0.018873457164815942,0.019032685285549123,-0.00015922812073318124,0.00015922812073318124
F4_psd_12hz_std,psd_bin,0.022301299696088298,0.8815411481698474,228.83172139583664,220.94074819302332,7.8909732028133135,7.8909732028133135
F4_psd_8hz_mean,psd_bin,0.021729592309873712,0.8830581870851887,807.2083227777159,825.7521628364636,-18.54384005874772,18.54384005874772
F3_beta_abs_mean,frequency_band,0.02115668760789543,0.8845990027846229,1731.9751661203638,1772.1422790819945,-40.167112961630664,40.167112961630664
Fp1_theta_beta_ratio_mean,band_ratio,0.02109468267056652,0.8847670352348596,3.3963037385866253,3.4549139103059017,-0.058610171719276405,0.058610171719276405
O2_kurtosis_mean,time_domain,0.020985391951702455,0.8850638266416619,1.0413012791793763,1.0752710528744498,-0.03396977369507348,0.03396977369507348
T7_psd_28hz_std,psd_bin,0.02089375919095736,0.8853132746342135,46.97137325219764,49.785771959665986,-2.8143987074683494,2.8143987074683494
C3_psd_18hz_mean,psd_bin,0.020279558868864084,0.886999903526101,108.0926047016341,105.52342108441721,2.5691836172168934,2.5691836172168934
T8_psd_22hz_std,psd_bin,0.019500705624004865,0.8891766134996599,121.42705922525077,129.50709272085697,-8.080033495606202,8.080033495606202
Pz_psd_18hz_mean,psd_bin,0.019317472751110475,0.8896951150164137,125.52061129956385,128.21778624789292,-2.6971749483290637,2.6971749483290637
Fp1_psd_16hz_mean,psd_bin,0.019155916444045955,0.8901543610328978,203.8317519069615,208.46692076477495,-4.635168857813454,4.635168857813454
P8_psd_26hz_mean,psd_bin,0.01612184442703732,0.8991769966919032,85.70949048420958,88.53634781436307,-2.826857330153487,2.826857330153487
P8_theta_alpha_ratio_mean,band_ratio,0.01559104094764054,0.9008418350019449,2.3707293547629518,2.403650982174212,-0.03292162741126026,0.03292162741126026
P8_mean_mean,time_domain,0.015378788966186425,0.9015155978633699,1.6321066943933292e-18,1.1489887552608687e-17,-9.857780858215358e-18,9.857780858215358e-18
T8_mean_mean,time_domain,0.015357563818610075,0.9015832329867148,-1.0231299053112298e-17,-2.1322670891201942e-17,1.1091371838089643e-17,1.1091371838089643e-17
F8_psd_24hz_mean,psd_bin,0.014706470038656778,0.903681529958893,94.2119710291417,92.24555672008053,1.9664143090611645,1.9664143090611645
Fp2_psd_18hz_mean,psd_bin,0.014670462313284898,0.9037989356298671,193.79469767979185,188.9791083414154,4.815589338376441,4.815589338376441
O1_psd_18hz_std,psd_bin,0.01451936771386652,0.9042931912731209,190.67761638423198,199.84083903310304,-9.163222648871056,9.163222648871056
F7_F8_beta_rel_mean_diff,asymmetry,0.014357900209680698,0.9048242713645399,-0.004691924059992702,-0.003693298095993551,-0.0009986259639991509,0.0009986259639991509
Fp1_gamma_abs_std,frequency_band,0.014127015655234719,0.9055889609745027,284.2303115785323,270.33812472978383,13.892186848748452,13.892186848748452
O1_psd_28hz_std,psd_bin,0.013443616078521327,0.9078902930336781,97.93263039952102,93.90312631919366,4.0295040803273565,4.0295040803273565
C4_alpha_abs_mean,frequency_band,0.013314651319820235,0.908331179256253,2841.5735460687847,2905.172442015368,-63.59889594658307,63.59889594658307
F4_alpha_abs_mean,frequency_band,0.013256917747424985,0.9085292515486894,2074.266268170724,2042.101198923711,32.16506924701275,32.16506924701275
C4_gamma_abs_mean,frequency_band,0.012228464150241477,0.9121338002598719,194.7617556228159,201.81551650263935,-7.053760879823443,7.053760879823443
Fp1_kurtosis_std,time_domain,0.011625060152666575,0.914320394136133,3.0890841065595844,3.030596399739392,0.05848770682019255,0.05848770682019255
Fp1_psd_12hz_std,psd_bin,0.01125951568131411,0.9156730584005723,304.1528824333659,314.0960085408704,-9.943126107504497,9.943126107504497
O1_psd_22hz_mean,psd_bin,0.010996779821680727,0.9166590576560155,145.3091692517125,148.67897575601083,-3.3698065042983387,3.3698065042983387
Fp2_psd_22hz_std,psd_bin,0.010687417112939378,0.9178354335182446,141.84558287648107,147.69823421779753,-5.852651341316459,5.852651341316459
Fp2_psd_20hz_mean,psd_bin,0.010122452103179028,0.9200290544539749,203.97959681747707,209.4542895207461,-5.474692703269028,5.474692703269028
Fp1_theta_abs_mean,frequency_band,0.009661950104854709,0.9218632529478745,6798.5005591680665,6892.236083017501,-93.73552384943468,93.73552384943468
C3_gamma_abs_std,frequency_band,0.009462827140625367,0.9226700196384809,142.7150129915874,153.04222543067488,-10.327212439087475,10.327212439087475
Fz_alpha_abs_std,frequency_band,0.009018043532531569,0.9245036364420307,1659.6869888774602,1724.1178947787596,-64.43090590129941,64.43090590129941
O1_psd_18hz_mean,psd_bin,0.008825664175488843,0.9253108368916196,187.10665014810283,190.48693956295864,-3.3802894148558096,3.3802894148558096
F8_gamma_abs_mean,frequency_band,0.008563497857190844,0.9264252824855426,230.19769560999356,235.76023654333474,-5.562540933341182,5.562540933341182
Fp1_zero_crossing_rate_std,time_domain,0.008447075115024768,0.9269256985563159,0.024916203502918774,0.024808184286448726,0.00010801921647004761,0.00010801921647004761
O1_psd_30hz_std,psd_bin,0.0076786416509991825,0.9303197468364008,75.9565088955907,73.97616368509827,1.9803452104924304,1.9803452104924304
Fp1_beta_abs_mean,frequency_band,0.007648332250127536,0.9304570510964929,2398.460164851505,2427.9916379820224,-29.531473130517497,29.531473130517497
F8_ptp_std,time_domain,0.007644891018419549,0.9304726574973045,591.1985523711803,598.0559196535758,-6.857367282395444,6.857367282395444
Fp1_psd_18hz_mean,psd_bin,0.0075589689479014215,0.9308634783072405,171.45121761637796,169.4601434148754,1.9910742015025562,1.9910742015025562
F4_psd_14hz_mean,psd_bin,0.007370750979167736,0.931727494876059,202.17126763366753,204.7450959398538,-2.5738283061862717,2.5738283061862717
F7_psd_22hz_mean,psd_bin,0.006890962434521046,0.9339816150377621,107.81093819211348,109.6941479695882,-1.8832097774747183,1.8832097774747183
F8_alpha_rel_std,frequency_band,0.006530314017391206,0.935728522085677,0.03767206952115249,0.037478424083289566,0.0001936454378629257,0.0001936454378629257
P4_zero_crossing_rate_std,time_domain,0.006499049511517351,0.9358822230101327,0.01944098510617151,0.01937540226517449,6.558284099702008e-05,6.558284099702008e-05
C3_alpha_abs_mean,frequency_band,0.0062975061375709135,0.9368821014187201,2858.6067455234192,2896.3101295973597,-37.70338407394047,37.70338407394047
F3_kurtosis_std,time_domain,0.005994318599479571,0.9384170834025871,2.0261778260468133,1.9952367399700806,0.030941086076732738,0.030941086076732738
Pz_psd_12hz_mean,psd_bin,0.005806333342622249,0.9393884995957394,283.14184178091386,285.7410442878614,-2.599202506947563,2.599202506947563
Fp1_theta_alpha_ratio_mean,band_ratio,0.005635394720505083,0.9402856527013327,3.227324490948539,3.243817116204563,-0.016492625256023796,0.016492625256023796
Pz_psd_28hz_mean,psd_bin,0.004985061483090081,0.9438306740942211,41.78376420224414,41.290939350405615,0.4928248518385274,0.4928248518385274
Fp2_psd_14hz_mean,psd_bin,0.004751144706827114,0.9451621848176759,226.04977961196343,223.8829511655432,2.166828446420226,2.166828446420226
Fp2_skew_std,time_domain,0.004385234002864679,0.9473129245996227,0.6988197664204845,0.6954831609547686,0.0033366054657159028,0.0033366054657159028
Fp2_alpha_abs_mean,frequency_band,0.0038196309444406104,0.9508232677087537,2109.093579555301,2091.7406374111292,17.35294214417172,17.35294214417172
Fp2_delta_rel_std,frequency_band,0.0037382345973892405,0.9513494023179705,0.13362140870420047,0.13392891622953804,-0.00030750752533756365,0.00030750752533756365
T8_beta_abs_mean,frequency_band,0.003294196253829514,0.9543267377036172,1848.581170628537,1826.4807642800922,22.10040634844472,22.10040634844472
Fz_line_length_std,time_domain,0.003270060060368161,0.9544941821528318,2780.223081144544,2815.758917931103,-35.53583678655923,35.53583678655923
F7_F8_theta_rel_mean_diff,asymmetry,0.003153983270493771,0.9553082643936897,0.006988457629255493,0.007439804038998023,-0.0004513464097425299,0.0004513464097425299
C3_beta_abs_mean,frequency_band,0.00308826569895824,0.9557758339801898,1548.4058045267088,1534.0103746091143,14.395429917594583,14.395429917594583
F8_delta_rel_std,frequency_band,0.0030574646154742985,0.9559966956946746,0.13253747708095764,0.13229834506071741,0.00023913202024022917,0.00023913202024022917
O2_theta_rel_std,frequency_band,0.00300199543710118,0.956397275085362,0.058564848566170315,0.058712278658033815,-0.00014743009186349992,0.00014743009186349992
P8_kurtosis_std,time_domain,0.00294175955417004,0.9568365054532295,2.632973421362767,2.6631614444646776,-0.03018802310191049,0.03018802310191049
Fp1_psd_20hz_mean,psd_bin,0.0029328482568296965,0.9569018668211073,169.30424238358526,167.623720724841,1.6805216587442544,1.6805216587442544
O2_psd_14hz_mean,psd_bin,0.002572990845852082,0.9596299731018769,283.5790037026857,280.428585549042,3.1504181536437272,3.1504181536437272
Fz_psd_6hz_std,psd_bin,0.0025591625546779674,0.9597385081227459,1801.5419344853005,1830.3523892614953,-28.810454776194774,28.810454776194774
Fp1_psd_10hz_mean,psd_bin,0.0022070021229233182,0.9626089209389002,454.3371449054694,452.0577290647197,2.2794158407497207,2.2794158407497207
C3_delta_rel_std,frequency_band,0.0021296060038807517,0.9632699176682067,0.13010046925604993,0.12984867877830286,0.00025179047774706587,0.00025179047774706587
Fp1_Fp2_beta_rel_mean_diff,asymmetry,0.002072504970978618,0.9637653369063599,-0.010491250197060868,-0.010118018491776178,-0.00037323170528468994,0.00037323170528468994
Fz_psd_14hz_std,psd_bin,0.0018498891345987679,0.9657653783610258,268.14792434816815,273.70363052518167,-5.555706177013519,5.555706177013519
P8_theta_rel_mean,frequency_band,0.0016138915473006084,0.9680223108429203,0.14367014221038468,0.14335774098643797,0.0003124012239467122,0.0003124012239467122
P8_psd_12hz_mean,psd_bin,0.0012830585220179483,0.9714860568933251,193.52331338616523,195.18820980890976,-1.6648964227445333,1.6648964227445333
F3_beta_alpha_ratio_mean,band_ratio,0.0012422141527197307,0.9719433856180886,0.9970332833481893,0.9941583591209938,0.0028749242271954856,0.0028749242271954856
P8_psd_24hz_mean,psd_bin,0.0010603125546776793,0.974078074774551,99.88359515897159,99.17701954263983,0.7065756163317616,0.7065756163317616
O1_psd_12hz_mean,psd_bin,0.0009824926434028021,0.9750471224981583,384.1584853667877,386.1826089095354,-2.0241235427477022,2.0241235427477022
O1_alpha_abs_mean,frequency_band,0.0009299425801059081,0.9757233988642844,2554.170222975652,2541.229460702509,12.94076227314281,12.94076227314281
Pz_hjorth_mobility_std,hjorth,0.0009262880725811809,0.9757711322853769,0.05196686568919074,0.052091461978383595,-0.00012459628919285481,0.00012459628919285481
Fp1_alpha_abs_mean,frequency_band,0.0008712435451064984,0.9765018383651042,2049.5622240061844,2043.07561682665,6.486607179534303,6.486607179534303
P3_theta_rel_std,frequency_band,0.0008088708791301883,0.9773583406358045,0.06678735342766912,0.06687172081735135,-8.436738968223279e-05,8.436738968223279e-05
O1_line_length_std,time_domain,0.0007891916735625351,0.977635389668434,3512.235823564548,3527.7278608147076,-15.492037250159683,15.492037250159683
F4_psd_28hz_mean,psd_bin,0.0006735661922847492,0.9793381755380569,53.55675036325787,54.04893797034529,-0.4921876070874234,0.4921876070874234
Cz_beta_alpha_ratio_std,band_ratio,0.0006508222683300333,0.9796899314531778,0.3131790427449815,0.31245331208012045,0.0007257306648610351,0.0007257306648610351
C3_psd_20hz_mean,psd_bin,0.0006489501665832479,0.9797191572447338,90.37707239438502,90.86966720056547,-0.49259480618044904,0.49259480618044904
F4_psd_18hz_mean,psd_bin,0.0006236322660871157,0.9801186230303212,152.3378795244253,153.23849321322533,-0.9006136888000356,0.9006136888000356
Cz_psd_22hz_mean,psd_bin,0.0006155611614027855,0.980247668496494,83.62534071148687,83.21456647572262,0.41077423576425076,0.41077423576425076
P8_psd_30hz_mean,psd_bin,0.000538485032616961,0.9815253931911931,67.52360110497266,67.85307366182194,-0.3294725568492822,0.3294725568492822
F3_beta_alpha_ratio_std,band_ratio,0.0005161177041109553,0.9819130891991298,0.40397307136638094,0.4030742136031139,0.0008988577632670358,0.0008988577632670358
Pz_psd_26hz_mean,psd_bin,0.00044470735534305546,0.9832107078358026,48.184424312285756,48.3420973762593,-0.1576730639735402,0.1576730639735402
F3_gamma_abs_std,frequency_band,0.0004345731347112292,0.983403083562263,144.0254964735292,145.92996727266012,-1.9044707991309338,1.9044707991309338
Fp1_psd_28hz_mean,psd_bin,0.0003228472601559741,0.9856945120092723,76.85412291172955,77.11533390237224,-0.26121099064269515,0.26121099064269515
P3_beta_rel_std,frequency_band,0.0002813492230322442,0.9866454267832108,0.03257083113713115,0.032618537221274606,-4.7706084143457617e-05,4.7706084143457617e-05
T8_psd_20hz_mean,psd_bin,0.00020140457305223538,0.9887008011397287,129.45210024114724,128.9403687392358,0.5117315019114415,0.5117315019114415
O2_psd_10hz_std,psd_bin,0.0001500285607885203,0.9902477750624201,573.558228478283,570.5095864538531,3.0486420244299097,3.0486420244299097
P3_psd_22hz_mean,psd_bin,0.00010880013115477484,0.9916950990525654,94.39448513558003,94.21858630592877,0.1758988296512598,0.1758988296512598
T7_beta_abs_mean,frequency_band,8.906384792703592e-05,0.9924859874635609,1381.6678664472586,1384.0092719958432,-2.3414055485845893,2.3414055485845893
Fp1_theta_alpha_ratio_std,band_ratio,5.693018923386568e-05,0.9939924852307996,2.0500083327080043,2.048652038054497,0.001356294653507284,0.001356294653507284
Fp1_psd_26hz_mean,psd_bin,2.571331494752911e-05,0.9959625714783915,94.00815119084477,93.92813890484334,0.08001228600143406,0.08001228600143406
Fp2_psd_10hz_mean,psd_bin,2.4614503655486934e-06,0.9987508256731265,478.6306038648863,478.524496979774,0.10610688511229682,0.10610688511229682
F8_psd_30hz_mean,psd_bin,2.3369846171263065e-08,0.9998782817803631,37.25822653988528,37.25717805542103,0.0010484844642490998,0.0010484844642490998
